Region,Week,Temperature_C,Humidity_percent,Wind_Speed_kmh,Wind_Category,Heatwave_Flag,Comfort_Index
Andhra Pradesh,2024-01-01,19.1,43.7,1.7,Calm,0,0
Arunachal Pradesh,2024-01-01,22.4,82.6,10.8,Breezy,0,0
Assam,2024-01-01,24.5,82.7,9.6,Calm,0,0
Bihar,2024-01-01,15.7,73.2,16.1,Breezy,0,0
Chhattisgarh,2024-01-01,23.7,43.8,13.5,Breezy,0,1
Goa,2024-01-01,20.3,67.8,16.6,Breezy,0,1
Gujarat,2024-01-01,27.0,35.7,13.0,Breezy,0,0
Haryana,2024-01-01,18.1,48.7,16.7,Breezy,0,1
Himachal Pradesh,2024-01-01,9.4,77.7,5.1,Calm,0,0
Jharkhand,2024-01-01,23.8,74.3,10.7,Breezy,0,0
Karnataka,2024-01-01,21.2,64.2,10.0,Calm,0,1
Kerala,2024-01-01,23.7,93.3,13.3,Breezy,0,0
Madhya Pradesh,2024-01-01,13.8,26.5,7.1,Calm,0,0
Maharashtra,2024-01-01,24.4,45.5,11.7,Breezy,0,1
Manipur,2024-01-01,23.7,82.4,8.1,Calm,0,0
Meghalaya,2024-01-01,22.6,47.3,16.6,Breezy,0,1
Mizoram,2024-01-01,24.3,64.3,9.8,Calm,0,1
Nagaland,2024-01-01,22.7,67.2,8.4,Calm,0,1
Odisha,2024-01-01,22.6,77.0,11.4,Breezy,0,0
Punjab,2024-01-01,15.9,56.0,6.1,Calm,0,0
Rajasthan,2024-01-01,26.8,66.3,13.1,Breezy,0,1
Sikkim,2024-01-01,22.0,55.9,0.0,Calm,0,0
Tamil Nadu,2024-01-01,24.0,53.6,1.5,Calm,0,0
Telangana,2024-01-01,24.0,71.5,6.7,Calm,0,0
Tripura,2024-01-01,25.8,53.8,20.2,Breezy,0,0
Uttar Pradesh,2024-01-01,14.2,70.3,8.1,Calm,0,0
Uttarakhand,2024-01-01,12.8,61.1,11.0,Breezy,0,0
West Bengal,2024-01-01,25.6,40.9,14.0,Breezy,0,1
Andaman and Nicobar Islands,2024-01-01,19.8,63.8,5.2,Calm,0,1
Chandigarh,2024-01-01,23.7,62.1,12.6,Breezy,0,1
Dadra and Nagar Haveli and Daman and Diu,2024-01-01,22.4,62.4,2.1,Calm,0,0
Delhi,2024-01-01,18.0,51.3,15.8,Breezy,0,1
Jammu and Kashmir,2024-01-01,11.7,58.5,16.0,Breezy,0,0
Ladakh,2024-01-01,12.3,91.3,3.5,Calm,0,0
Lakshadweep,2024-01-01,20.3,60.1,12.2,Breezy,0,1
Puducherry,2024-01-01,21.9,62.0,4.2,Calm,0,0
Andhra Pradesh,2024-01-08,23.2,57.1,15.9,Breezy,0,1
Arunachal Pradesh,2024-01-08,22.0,34.9,14.4,Breezy,0,0
Assam,2024-01-08,25.3,80.9,6.9,Calm,0,0
Bihar,2024-01-08,16.5,76.8,9.4,Calm,0,0
Chhattisgarh,2024-01-08,24.3,25.9,8.2,Calm,0,0
Goa,2024-01-08,22.8,80.6,12.8,Breezy,0,0
Gujarat,2024-01-08,28.7,70.9,18.1,Breezy,0,0
Haryana,2024-01-08,18.1,43.0,20.2,Breezy,0,0
Himachal Pradesh,2024-01-08,7.9,38.0,12.5,Breezy,0,0
Jharkhand,2024-01-08,20.7,64.1,12.9,Breezy,0,1
Karnataka,2024-01-08,22.2,73.6,11.7,Breezy,0,0
Kerala,2024-01-08,20.5,72.9,15.4,Breezy,0,0
Madhya Pradesh,2024-01-08,19.6,75.9,9.1,Calm,0,0
Maharashtra,2024-01-08,22.1,84.3,12.1,Breezy,0,0
Manipur,2024-01-08,21.8,73.8,5.6,Calm,0,0
Meghalaya,2024-01-08,27.1,74.6,9.0,Calm,0,0
Mizoram,2024-01-08,23.7,67.8,5.5,Calm,0,1
Nagaland,2024-01-08,21.1,59.1,4.9,Calm,0,0
Odisha,2024-01-08,21.8,67.4,11.9,Breezy,0,1
Punjab,2024-01-08,18.7,58.0,15.5,Breezy,0,1
Rajasthan,2024-01-08,25.5,77.5,8.9,Calm,0,0
Sikkim,2024-01-08,20.5,51.8,18.9,Breezy,0,1
Tamil Nadu,2024-01-08,22.9,74.9,8.8,Calm,0,0
Telangana,2024-01-08,18.8,76.6,4.6,Calm,0,0
Tripura,2024-01-08,27.2,79.7,10.0,Calm,0,0
Uttar Pradesh,2024-01-08,16.2,42.5,5.9,Calm,0,0
Uttarakhand,2024-01-08,10.2,48.2,5.5,Calm,0,0
West Bengal,2024-01-08,20.2,55.8,8.7,Calm,0,1
Andaman and Nicobar Islands,2024-01-08,22.0,54.9,13.5,Breezy,0,1
Chandigarh,2024-01-08,22.8,57.8,14.0,Breezy,0,1
Dadra and Nagar Haveli and Daman and Diu,2024-01-08,24.3,65.0,9.1,Calm,0,1
Delhi,2024-01-08,18.1,54.8,14.2,Breezy,0,1
Jammu and Kashmir,2024-01-08,11.0,65.4,10.3,Breezy,0,0
Ladakh,2024-01-08,8.3,56.5,12.4,Breezy,0,0
Lakshadweep,2024-01-08,22.0,47.3,6.0,Calm,0,1
Puducherry,2024-01-08,22.1,86.1,8.3,Calm,0,0
Andhra Pradesh,2024-01-15,24.8,64.8,14.6,Breezy,0,1
Arunachal Pradesh,2024-01-15,23.7,48.8,15.0,Breezy,0,1
Assam,2024-01-15,21.9,64.1,7.9,Calm,0,1
Bihar,2024-01-15,16.1,55.3,0.0,Calm,0,0
Chhattisgarh,2024-01-15,17.8,66.5,4.0,Calm,0,0
Goa,2024-01-15,23.3,82.2,21.4,Breezy,0,0
Gujarat,2024-01-15,25.5,69.9,7.3,Calm,0,1
Haryana,2024-01-15,17.3,40.5,13.4,Breezy,0,0
Himachal Pradesh,2024-01-15,9.8,37.9,8.7,Calm,0,0
Jharkhand,2024-01-15,22.5,59.8,9.0,Calm,0,1
Karnataka,2024-01-15,26.5,61.1,17.3,Breezy,0,1
Kerala,2024-01-15,23.7,81.6,5.9,Calm,0,0
Madhya Pradesh,2024-01-15,18.6,68.1,10.8,Breezy,0,1
Maharashtra,2024-01-15,21.4,73.5,10.7,Breezy,0,0
Manipur,2024-01-15,23.2,20.0,13.1,Breezy,0,0
Meghalaya,2024-01-15,25.2,47.6,9.6,Calm,0,1
Mizoram,2024-01-15,22.5,80.6,0.0,Calm,0,0
Nagaland,2024-01-15,22.8,69.4,10.2,Breezy,0,1
Odisha,2024-01-15,20.5,74.7,19.3,Breezy,0,0
Punjab,2024-01-15,13.1,76.9,9.3,Calm,0,0
Rajasthan,2024-01-15,27.0,70.4,8.6,Calm,0,0
Sikkim,2024-01-15,21.3,74.4,6.0,Calm,0,0
Tamil Nadu,2024-01-15,20.5,53.8,13.3,Breezy,0,1
Telangana,2024-01-15,22.1,57.6,12.1,Breezy,0,1
Tripura,2024-01-15,20.9,51.3,0.3,Calm,0,0
Uttar Pradesh,2024-01-15,15.4,55.9,6.8,Calm,0,0
Uttarakhand,2024-01-15,9.8,76.6,5.3,Calm,0,0
West Bengal,2024-01-15,22.8,68.8,11.8,Breezy,0,1
Andaman and Nicobar Islands,2024-01-15,22.7,79.8,11.6,Breezy,0,0
Chandigarh,2024-01-15,22.0,56.1,0.2,Calm,0,0
Dadra and Nagar Haveli and Daman and Diu,2024-01-15,24.1,50.9,12.4,Breezy,0,1
Delhi,2024-01-15,16.3,95.0,0.0,Calm,0,0
Jammu and Kashmir,2024-01-15,13.6,79.4,14.4,Breezy,0,0
Ladakh,2024-01-15,8.8,43.5,16.3,Breezy,0,0
Lakshadweep,2024-01-15,23.0,25.1,15.5,Breezy,0,0
Puducherry,2024-01-15,20.2,36.1,6.2,Calm,0,0
Andhra Pradesh,2024-01-22,22.3,58.3,11.6,Breezy,0,1
Arunachal Pradesh,2024-01-22,22.9,73.7,0.9,Calm,0,0
Assam,2024-01-22,22.9,56.6,12.5,Breezy,0,1
Bihar,2024-01-22,14.7,50.3,20.8,Breezy,0,0
Chhattisgarh,2024-01-22,23.3,68.5,4.0,Calm,0,0
Goa,2024-01-22,22.3,47.8,12.9,Breezy,0,1
Gujarat,2024-01-22,24.5,62.1,14.1,Breezy,0,1
Haryana,2024-01-22,21.8,68.1,6.8,Calm,0,1
Himachal Pradesh,2024-01-22,9.4,31.9,6.8,Calm,0,0
Jharkhand,2024-01-22,20.3,69.4,10.4,Breezy,0,1
Karnataka,2024-01-22,24.4,56.6,8.8,Calm,0,1
Kerala,2024-01-22,21.2,74.4,5.4,Calm,0,0
Madhya Pradesh,2024-01-22,15.0,79.0,3.7,Calm,0,0
Maharashtra,2024-01-22,23.2,60.9,9.1,Calm,0,1
Manipur,2024-01-22,23.2,61.2,2.3,Calm,0,0
Meghalaya,2024-01-22,25.2,41.7,5.3,Calm,0,1
Mizoram,2024-01-22,23.8,52.8,5.2,Calm,0,1
Nagaland,2024-01-22,22.5,59.0,1.9,Calm,0,0
Odisha,2024-01-22,20.9,92.1,11.0,Breezy,0,0
Punjab,2024-01-22,19.1,53.8,12.2,Breezy,0,1
Rajasthan,2024-01-22,29.6,59.3,6.5,Calm,0,0
Sikkim,2024-01-22,21.3,65.1,8.2,Calm,0,1
Tamil Nadu,2024-01-22,20.5,56.6,1.7,Calm,0,0
Telangana,2024-01-22,24.3,42.3,0.0,Calm,0,0
Tripura,2024-01-22,23.2,68.8,13.4,Breezy,0,1
Uttar Pradesh,2024-01-22,19.5,20.0,2.6,Calm,0,0
Uttarakhand,2024-01-22,9.2,55.0,9.1,Calm,0,0
West Bengal,2024-01-22,26.5,80.6,12.7,Breezy,0,0
Andaman and Nicobar Islands,2024-01-22,21.6,52.4,19.5,Breezy,0,1
Chandigarh,2024-01-22,23.7,81.3,9.3,Calm,0,0
Dadra and Nagar Haveli and Daman and Diu,2024-01-22,24.2,37.9,5.6,Calm,0,0
Delhi,2024-01-22,16.1,67.4,7.8,Calm,0,0
Jammu and Kashmir,2024-01-22,8.0,27.1,17.6,Breezy,0,0
Ladakh,2024-01-22,8.2,81.1,17.3,Breezy,0,0
Lakshadweep,2024-01-22,16.6,83.2,13.9,Breezy,0,0
Puducherry,2024-01-22,27.0,50.0,10.5,Breezy,0,1
Andhra Pradesh,2024-01-29,21.4,69.4,3.7,Calm,0,0
Arunachal Pradesh,2024-01-29,20.6,26.9,1.4,Calm,0,0
Assam,2024-01-29,23.0,82.4,6.2,Calm,0,0
Bihar,2024-01-29,19.3,55.1,12.2,Breezy,0,1
Chhattisgarh,2024-01-29,22.3,68.7,18.3,Breezy,0,1
Goa,2024-01-29,21.6,53.6,8.3,Calm,0,1
Gujarat,2024-01-29,28.7,53.9,2.6,Calm,0,0
Haryana,2024-01-29,13.2,60.2,12.1,Breezy,0,0
Himachal Pradesh,2024-01-29,10.6,41.8,11.4,Breezy,0,0
Jharkhand,2024-01-29,21.1,76.2,10.0,Calm,0,0
Karnataka,2024-01-29,23.8,58.4,3.8,Calm,0,0
Kerala,2024-01-29,19.2,64.4,12.1,Breezy,0,1
Madhya Pradesh,2024-01-29,13.2,39.2,9.0,Calm,0,0
Maharashtra,2024-01-29,25.6,54.6,25.4,Windy,0,0
Manipur,2024-01-29,23.9,67.5,20.1,Breezy,0,0
Meghalaya,2024-01-29,25.2,56.7,12.1,Breezy,0,1
Mizoram,2024-01-29,21.4,86.9,14.5,Breezy,0,0
Nagaland,2024-01-29,22.8,54.0,7.9,Calm,0,1
Odisha,2024-01-29,24.2,38.1,0.0,Calm,0,0
Punjab,2024-01-29,17.9,73.5,10.5,Breezy,0,0
Rajasthan,2024-01-29,29.3,71.5,4.4,Calm,0,0
Sikkim,2024-01-29,23.5,73.2,8.6,Calm,0,0
Tamil Nadu,2024-01-29,21.8,71.6,16.5,Breezy,0,0
Telangana,2024-01-29,22.9,86.1,12.8,Breezy,0,0
Tripura,2024-01-29,23.4,71.2,9.7,Calm,0,0
Uttar Pradesh,2024-01-29,17.2,65.2,3.1,Calm,0,0
Uttarakhand,2024-01-29,12.2,74.2,10.9,Breezy,0,0
West Bengal,2024-01-29,20.6,57.0,15.0,Breezy,0,1
Andaman and Nicobar Islands,2024-01-29,19.5,75.0,7.6,Calm,0,0
Chandigarh,2024-01-29,22.7,51.6,2.2,Calm,0,0
Dadra and Nagar Haveli and Daman and Diu,2024-01-29,22.7,70.5,8.9,Calm,0,0
Delhi,2024-01-29,18.3,64.7,11.2,Breezy,0,1
Jammu and Kashmir,2024-01-29,10.3,66.9,17.1,Breezy,0,0
Ladakh,2024-01-29,9.7,34.7,9.9,Calm,0,0
Lakshadweep,2024-01-29,21.4,58.3,4.9,Calm,0,0
Puducherry,2024-01-29,23.1,38.7,4.6,Calm,0,0
Andhra Pradesh,2024-02-05,23.4,47.1,7.5,Calm,0,1
Arunachal Pradesh,2024-02-05,21.7,50.3,5.7,Calm,0,1
Assam,2024-02-05,24.1,52.4,12.4,Breezy,0,1
Bihar,2024-02-05,19.5,66.2,19.2,Breezy,0,1
Chhattisgarh,2024-02-05,22.8,62.6,0.0,Calm,0,0
Goa,2024-02-05,17.9,58.9,2.0,Calm,0,0
Gujarat,2024-02-05,28.1,64.3,7.2,Calm,0,0
Haryana,2024-02-05,20.5,46.6,9.1,Calm,0,1
Himachal Pradesh,2024-02-05,8.2,78.7,1.1,Calm,0,0
Jharkhand,2024-02-05,17.8,60.8,16.7,Breezy,0,0
Karnataka,2024-02-05,23.6,62.7,3.6,Calm,0,0
Kerala,2024-02-05,21.1,41.7,17.9,Breezy,0,1
Madhya Pradesh,2024-02-05,17.0,71.6,14.8,Breezy,0,0
Maharashtra,2024-02-05,26.3,65.0,11.4,Breezy,0,1
Manipur,2024-02-05,21.0,54.3,2.3,Calm,0,0
Meghalaya,2024-02-05,20.5,79.4,14.6,Breezy,0,0
Mizoram,2024-02-05,23.7,64.5,5.2,Calm,0,1
Nagaland,2024-02-05,24.2,51.5,18.4,Breezy,0,1
Odisha,2024-02-05,21.4,87.1,13.7,Breezy,0,0
Punjab,2024-02-05,16.1,36.0,10.7,Breezy,0,0
Rajasthan,2024-02-05,26.1,57.0,19.5,Breezy,0,1
Sikkim,2024-02-05,23.0,78.7,1.2,Calm,0,0
Tamil Nadu,2024-02-05,22.9,34.7,9.5,Calm,0,0
Telangana,2024-02-05,24.8,72.5,6.9,Calm,0,0
Tripura,2024-02-05,19.6,46.3,8.3,Calm,0,1
Uttar Pradesh,2024-02-05,16.0,88.6,8.3,Calm,0,0
Uttarakhand,2024-02-05,9.5,52.0,18.1,Breezy,0,0
West Bengal,2024-02-05,24.6,62.9,5.2,Calm,0,1
Andaman and Nicobar Islands,2024-02-05,21.5,95.0,18.4,Breezy,0,0
Chandigarh,2024-02-05,20.4,65.1,0.0,Calm,0,0
Dadra and Nagar Haveli and Daman and Diu,2024-02-05,26.1,68.7,13.9,Breezy,0,1
Delhi,2024-02-05,19.7,47.0,15.8,Breezy,0,1
Jammu and Kashmir,2024-02-05,12.8,71.7,0.7,Calm,0,0
Ladakh,2024-02-05,10.4,58.6,10.1,Breezy,0,0
Lakshadweep,2024-02-05,22.3,60.1,0.0,Calm,0,0
Puducherry,2024-02-05,21.8,41.6,10.3,Breezy,0,1
Andhra Pradesh,2024-02-12,25.0,72.1,6.9,Calm,0,0
Arunachal Pradesh,2024-02-12,22.9,44.2,15.1,Breezy,0,1
Assam,2024-02-12,23.4,78.8,13.6,Breezy,0,0
Bihar,2024-02-12,16.2,71.7,8.8,Calm,0,0
Chhattisgarh,2024-02-12,18.4,53.3,4.0,Calm,0,0
Goa,2024-02-12,22.0,95.0,11.7,Breezy,0,0
Gujarat,2024-02-12,21.3,44.8,8.9,Calm,0,1
Haryana,2024-02-12,18.1,67.3,0.6,Calm,0,0
Himachal Pradesh,2024-02-12,10.9,48.5,18.0,Breezy,0,0
Jharkhand,2024-02-12,26.0,52.4,12.4,Breezy,0,1
Karnataka,2024-02-12,24.3,50.7,12.9,Breezy,0,1
Kerala,2024-02-12,20.7,45.1,7.8,Calm,0,1
Madhya Pradesh,2024-02-12,13.3,43.3,9.4,Calm,0,0
Maharashtra,2024-02-12,20.4,36.8,8.3,Calm,0,0
Manipur,2024-02-12,22.3,75.7,18.0,Breezy,0,0
Meghalaya,2024-02-12,21.4,59.6,0.0,Calm,0,0
Mizoram,2024-02-12,22.6,34.6,5.0,Calm,0,0
Nagaland,2024-02-12,23.3,65.7,7.6,Calm,0,1
Odisha,2024-02-12,21.4,43.7,16.3,Breezy,0,1
Punjab,2024-02-12,15.1,67.4,8.5,Calm,0,0
Rajasthan,2024-02-12,26.3,56.9,10.8,Breezy,0,1
Sikkim,2024-02-12,20.1,50.0,7.7,Calm,0,1
Tamil Nadu,2024-02-12,22.3,53.7,4.9,Calm,0,0
Telangana,2024-02-12,21.6,69.0,13.9,Breezy,0,1
Tripura,2024-02-12,23.4,46.4,6.1,Calm,0,1
Uttar Pradesh,2024-02-12,17.3,64.9,0.3,Calm,0,0
Uttarakhand,2024-02-12,11.7,71.2,11.8,Breezy,0,0
West Bengal,2024-02-12,23.8,50.5,9.3,Calm,0,1
Andaman and Nicobar Islands,2024-02-12,19.1,68.8,18.6,Breezy,0,1
Chandigarh,2024-02-12,22.2,67.5,13.9,Breezy,0,1
Dadra and Nagar Haveli and Daman and Diu,2024-02-12,20.6,65.3,11.5,Breezy,0,1
Delhi,2024-02-12,17.9,77.7,10.0,Calm,0,0
Jammu and Kashmir,2024-02-12,10.9,34.6,10.1,Breezy,0,0
Ladakh,2024-02-12,7.1,70.4,14.5,Breezy,0,0
Lakshadweep,2024-02-12,22.0,65.5,10.6,Breezy,0,1
Puducherry,2024-02-12,20.6,43.1,10.9,Breezy,0,1
Andhra Pradesh,2024-02-19,23.3,34.0,5.8,Calm,0,0
Arunachal Pradesh,2024-02-19,21.4,81.0,12.0,Breezy,0,0
Assam,2024-02-19,21.4,53.5,13.0,Breezy,0,1
Bihar,2024-02-19,17.7,46.8,10.3,Breezy,0,0
Chhattisgarh,2024-02-19,18.3,66.0,7.6,Calm,0,1
Goa,2024-02-19,17.9,49.3,10.8,Breezy,0,0
Gujarat,2024-02-19,29.3,48.6,6.4,Calm,0,0
Haryana,2024-02-19,21.4,28.0,5.4,Calm,0,0
Himachal Pradesh,2024-02-19,10.4,35.5,5.9,Calm,0,0
Jharkhand,2024-02-19,26.4,50.2,5.3,Calm,0,1
Karnataka,2024-02-19,21.7,63.5,9.5,Calm,0,1
Kerala,2024-02-19,23.2,70.6,11.3,Breezy,0,0
Madhya Pradesh,2024-02-19,18.4,48.5,12.3,Breezy,0,1
Maharashtra,2024-02-19,27.1,86.6,14.4,Breezy,0,0
Manipur,2024-02-19,25.3,39.1,5.3,Calm,0,0
Meghalaya,2024-02-19,25.3,67.8,6.2,Calm,0,1
Mizoram,2024-02-19,20.8,69.3,6.9,Calm,0,1
Nagaland,2024-02-19,22.1,44.4,5.7,Calm,0,1
Odisha,2024-02-19,20.2,48.7,24.8,Breezy,0,0
Punjab,2024-02-19,16.9,53.4,7.4,Calm,0,0
Rajasthan,2024-02-19,25.6,58.9,15.4,Breezy,0,1
Sikkim,2024-02-19,24.5,50.7,12.5,Breezy,0,1
Tamil Nadu,2024-02-19,22.8,65.2,0.0,Calm,0,0
Telangana,2024-02-19,23.5,68.7,16.0,Breezy,0,1
Tripura,2024-02-19,22.2,70.2,6.4,Calm,0,0
Uttar Pradesh,2024-02-19,15.4,72.4,13.0,Breezy,0,0
Uttarakhand,2024-02-19,7.7,66.3,7.5,Calm,0,0
West Bengal,2024-02-19,22.1,68.5,15.0,Breezy,0,1
Andaman and Nicobar Islands,2024-02-19,25.8,39.2,9.0,Calm,0,0
Chandigarh,2024-02-19,25.2,64.4,11.1,Breezy,0,1
Dadra and Nagar Haveli and Daman and Diu,2024-02-19,23.2,29.1,10.6,Breezy,0,0
Delhi,2024-02-19,19.2,58.8,7.1,Calm,0,1
Jammu and Kashmir,2024-02-19,9.6,45.8,12.9,Breezy,0,0
Ladakh,2024-02-19,7.0,69.4,15.1,Breezy,0,0
Lakshadweep,2024-02-19,24.7,36.7,17.6,Breezy,0,0
Puducherry,2024-02-19,20.4,60.8,5.3,Calm,0,1
Andhra Pradesh,2024-02-26,24.3,59.7,10.6,Breezy,0,1
Arunachal Pradesh,2024-02-26,21.6,40.4,1.5,Calm,0,0
Assam,2024-02-26,21.9,51.3,6.9,Calm,0,1
Bihar,2024-02-26,12.1,56.9,15.4,Breezy,0,0
Chhattisgarh,2024-02-26,23.1,80.7,11.5,Breezy,0,0
Goa,2024-02-26,20.7,67.8,10.1,Breezy,0,1
Gujarat,2024-02-26,27.7,55.0,12.2,Breezy,0,1
Haryana,2024-02-26,19.1,46.2,15.8,Breezy,0,1
Himachal Pradesh,2024-02-26,13.5,75.1,9.6,Calm,0,0
Jharkhand,2024-02-26,24.5,30.4,18.1,Breezy,0,0
Karnataka,2024-02-26,25.8,58.4,7.7,Calm,0,1
Kerala,2024-02-26,22.2,60.6,11.8,Breezy,0,1
Madhya Pradesh,2024-02-26,17.2,49.5,13.7,Breezy,0,0
Maharashtra,2024-02-26,24.7,39.9,12.3,Breezy,0,0
Manipur,2024-02-26,23.9,46.7,4.3,Calm,0,0
Meghalaya,2024-02-26,29.5,55.2,13.8,Breezy,0,0
Mizoram,2024-02-26,22.1,26.1,15.3,Breezy,0,0
Nagaland,2024-02-26,22.6,42.4,8.3,Calm,0,1
Odisha,2024-02-26,18.8,26.9,15.5,Breezy,0,0
Punjab,2024-02-26,20.8,76.3,8.2,Calm,0,0
Rajasthan,2024-02-26,27.0,74.3,6.7,Calm,0,0
Sikkim,2024-02-26,23.3,74.8,9.8,Calm,0,0
Tamil Nadu,2024-02-26,20.1,73.6,8.0,Calm,0,0
Telangana,2024-02-26,25.6,64.5,8.8,Calm,0,1
Tripura,2024-02-26,24.7,42.9,14.7,Breezy,0,1
Uttar Pradesh,2024-02-26,19.1,44.2,8.3,Calm,0,1
Uttarakhand,2024-02-26,9.5,52.1,5.5,Calm,0,0
West Bengal,2024-02-26,24.2,66.3,8.9,Calm,0,1
Andaman and Nicobar Islands,2024-02-26,20.5,66.5,13.5,Breezy,0,1
Chandigarh,2024-02-26,21.2,85.8,16.9,Breezy,0,0
Dadra and Nagar Haveli and Daman and Diu,2024-02-26,21.3,53.9,6.8,Calm,0,1
Delhi,2024-02-26,12.9,58.8,21.8,Breezy,0,0
Jammu and Kashmir,2024-02-26,9.3,81.1,15.3,Breezy,0,0
Ladakh,2024-02-26,13.1,62.1,10.1,Breezy,0,0
Lakshadweep,2024-02-26,20.3,56.7,14.2,Breezy,0,1
Puducherry,2024-02-26,23.1,65.0,4.0,Calm,0,0
Andhra Pradesh,2024-03-04,32.3,50.4,13.0,Breezy,0,0
Arunachal Pradesh,2024-03-04,35.2,54.1,6.4,Calm,1,0
Assam,2024-03-04,33.6,63.4,7.2,Calm,0,0
Bihar,2024-03-04,25.7,76.9,11.1,Breezy,0,0
Chhattisgarh,2024-03-04,33.6,52.2,7.7,Calm,0,0
Goa,2024-03-04,29.7,47.4,9.5,Calm,0,0
Gujarat,2024-03-04,36.3,31.4,10.3,Breezy,1,0
Haryana,2024-03-04,26.1,77.9,5.2,Calm,0,0
Himachal Pradesh,2024-03-04,18.9,56.8,11.3,Breezy,0,1
Jharkhand,2024-03-04,34.0,68.5,6.0,Calm,0,0
Karnataka,2024-03-04,30.1,93.3,4.2,Calm,0,0
Kerala,2024-03-04,30.1,42.3,16.4,Breezy,0,0
Madhya Pradesh,2024-03-04,28.1,58.3,15.6,Breezy,0,0
Maharashtra,2024-03-04,34.0,60.2,7.6,Calm,0,0
Manipur,2024-03-04,30.6,65.5,8.8,Calm,0,0
Meghalaya,2024-03-04,33.1,54.7,7.1,Calm,0,0
Mizoram,2024-03-04,34.1,88.0,14.0,Breezy,0,0
Nagaland,2024-03-04,33.3,68.6,8.8,Calm,0,0
Odisha,2024-03-04,30.9,63.6,3.1,Calm,0,0
Punjab,2024-03-04,28.6,43.7,6.5,Calm,0,0
Rajasthan,2024-03-04,37.2,49.4,4.1,Calm,1,0
Sikkim,2024-03-04,31.8,64.9,5.2,Calm,0,0
Tamil Nadu,2024-03-04,27.7,75.4,10.9,Breezy,0,0
Telangana,2024-03-04,30.9,72.9,2.5,Calm,0,0
Tripura,2024-03-04,30.1,95.0,3.4,Calm,0,0
Uttar Pradesh,2024-03-04,28.2,46.9,11.2,Breezy,0,0
Uttarakhand,2024-03-04,21.2,73.1,14.8,Breezy,0,0
West Bengal,2024-03-04,34.6,44.2,5.9,Calm,0,0
Andaman and Nicobar Islands,2024-03-04,30.2,59.1,9.7,Calm,0,0
Chandigarh,2024-03-04,30.5,70.3,3.3,Calm,0,0
Dadra and Nagar Haveli and Daman and Diu,2024-03-04,34.9,59.8,13.4,Breezy,0,0
Delhi,2024-03-04,27.6,53.9,4.2,Calm,0,0
Jammu and Kashmir,2024-03-04,19.4,41.1,3.9,Calm,0,0
Ladakh,2024-03-04,21.8,66.6,6.9,Calm,0,1
Lakshadweep,2024-03-04,30.4,78.3,18.1,Breezy,0,0
Puducherry,2024-03-04,33.2,58.9,11.7,Breezy,0,0
Andhra Pradesh,2024-03-11,34.1,83.3,6.1,Calm,0,0
Arunachal Pradesh,2024-03-11,31.9,52.0,3.4,Calm,0,0
Assam,2024-03-11,31.3,45.5,12.1,Breezy,0,0
Bihar,2024-03-11,27.4,59.9,10.6,Breezy,0,1
Chhattisgarh,2024-03-11,29.5,81.3,17.1,Breezy,0,0
Goa,2024-03-11,29.4,71.1,7.8,Calm,0,0
Gujarat,2024-03-11,35.6,71.4,11.4,Breezy,1,0
Haryana,2024-03-11,26.9,79.1,7.3,Calm,0,0
Himachal Pradesh,2024-03-11,21.5,68.8,8.3,Calm,0,1
Jharkhand,2024-03-11,36.1,51.9,8.3,Calm,1,0
Karnataka,2024-03-11,32.9,42.3,14.1,Breezy,0,0
Kerala,2024-03-11,35.6,42.3,12.2,Breezy,1,0
Madhya Pradesh,2024-03-11,28.6,56.9,10.3,Breezy,0,0
Maharashtra,2024-03-11,32.3,44.5,13.5,Breezy,0,0
Manipur,2024-03-11,32.1,54.9,10.6,Breezy,0,0
Meghalaya,2024-03-11,33.1,66.5,7.2,Calm,0,0
Mizoram,2024-03-11,31.5,61.7,3.4,Calm,0,0
Nagaland,2024-03-11,32.2,60.5,5.7,Calm,0,0
Odisha,2024-03-11,29.8,42.8,5.4,Calm,0,0
Punjab,2024-03-11,27.4,66.2,3.8,Calm,0,0
Rajasthan,2024-03-11,38.2,53.9,12.6,Breezy,1,0
Sikkim,2024-03-11,33.6,61.8,11.6,Breezy,0,0
Tamil Nadu,2024-03-11,30.2,52.8,3.2,Calm,0,0
Telangana,2024-03-11,37.9,53.4,8.5,Calm,1,0
Tripura,2024-03-11,33.7,50.8,4.2,Calm,0,0
Uttar Pradesh,2024-03-11,27.2,76.8,13.4,Breezy,0,0
Uttarakhand,2024-03-11,20.0,59.3,13.4,Breezy,0,1
West Bengal,2024-03-11,31.7,70.3,13.8,Breezy,0,0
Andaman and Nicobar Islands,2024-03-11,32.4,54.9,11.4,Breezy,0,0
Chandigarh,2024-03-11,33.7,49.5,14.9,Breezy,0,0
Dadra and Nagar Haveli and Daman and Diu,2024-03-11,33.6,69.1,13.7,Breezy,0,0
Delhi,2024-03-11,25.5,67.8,10.7,Breezy,0,1
Jammu and Kashmir,2024-03-11,18.4,43.3,8.7,Calm,0,1
Ladakh,2024-03-11,21.4,43.5,13.5,Breezy,0,1
Lakshadweep,2024-03-11,33.3,71.0,9.4,Calm,0,0
Puducherry,2024-03-11,33.1,60.6,2.0,Calm,0,0
Andhra Pradesh,2024-03-18,34.7,56.1,4.4,Calm,0,0
Arunachal Pradesh,2024-03-18,33.6,51.4,10.2,Breezy,0,0
Assam,2024-03-18,37.5,30.8,13.3,Breezy,1,0
Bihar,2024-03-18,27.0,74.7,10.0,Calm,0,0
Chhattisgarh,2024-03-18,34.9,73.3,8.7,Calm,0,0
Goa,2024-03-18,32.4,38.8,7.9,Calm,0,0
Gujarat,2024-03-18,37.8,69.4,4.7,Calm,1,0
Haryana,2024-03-18,26.9,41.7,13.7,Breezy,0,1
Himachal Pradesh,2024-03-18,18.9,64.0,0.6,Calm,0,0
Jharkhand,2024-03-18,32.5,63.2,10.6,Breezy,0,0
Karnataka,2024-03-18,36.3,65.9,5.4,Calm,1,0
Kerala,2024-03-18,33.3,63.1,0.8,Calm,0,0
Madhya Pradesh,2024-03-18,26.3,81.6,4.9,Calm,0,0
Maharashtra,2024-03-18,33.0,54.5,19.1,Breezy,0,0
Manipur,2024-03-18,32.7,60.2,8.7,Calm,0,0
Meghalaya,2024-03-18,32.3,61.4,11.9,Breezy,0,0
Mizoram,2024-03-18,33.5,59.7,13.5,Breezy,0,0
Nagaland,2024-03-18,33.8,73.1,1.5,Calm,0,0
Odisha,2024-03-18,28.4,74.1,6.6,Calm,0,0
Punjab,2024-03-18,30.0,88.5,3.6,Calm,0,0
Rajasthan,2024-03-18,37.6,60.6,11.7,Breezy,1,0
Sikkim,2024-03-18,35.2,77.7,1.0,Calm,1,0
Tamil Nadu,2024-03-18,29.4,46.6,9.0,Calm,0,0
Telangana,2024-03-18,32.3,85.9,8.5,Calm,0,0
Tripura,2024-03-18,30.2,73.2,3.7,Calm,0,0
Uttar Pradesh,2024-03-18,25.5,20.0,13.1,Breezy,0,0
Uttarakhand,2024-03-18,18.7,55.1,8.7,Calm,0,1
West Bengal,2024-03-18,34.6,43.6,8.0,Calm,0,0
Andaman and Nicobar Islands,2024-03-18,31.1,87.8,11.8,Breezy,0,0
Chandigarh,2024-03-18,34.1,91.5,14.1,Breezy,0,0
Dadra and Nagar Haveli and Daman and Diu,2024-03-18,35.9,66.1,6.4,Calm,1,0
Delhi,2024-03-18,25.3,48.9,11.2,Breezy,0,1
Jammu and Kashmir,2024-03-18,20.3,42.6,15.7,Breezy,0,1
Ladakh,2024-03-18,19.7,72.0,4.2,Calm,0,0
Lakshadweep,2024-03-18,28.0,45.9,4.3,Calm,0,0
Puducherry,2024-03-18,32.7,79.6,13.5,Breezy,0,0
Andhra Pradesh,2024-03-25,35.0,57.8,12.2,Breezy,0,0
Arunachal Pradesh,2024-03-25,35.1,73.1,13.9,Breezy,1,0
Assam,2024-03-25,34.0,57.9,10.2,Breezy,0,0
Bihar,2024-03-25,24.7,54.1,7.2,Calm,0,1
Chhattisgarh,2024-03-25,30.8,71.7,8.0,Calm,0,0
Goa,2024-03-25,33.7,69.3,13.0,Breezy,0,0
Gujarat,2024-03-25,37.7,78.4,8.3,Calm,1,0
Haryana,2024-03-25,23.1,67.7,5.6,Calm,0,1
Himachal Pradesh,2024-03-25,19.3,51.4,18.0,Breezy,0,1
Jharkhand,2024-03-25,33.2,39.5,1.7,Calm,0,0
Karnataka,2024-03-25,32.0,70.9,6.6,Calm,0,0
Kerala,2024-03-25,29.9,65.2,5.0,Calm,0,0
Madhya Pradesh,2024-03-25,26.8,76.6,12.3,Breezy,0,0
Maharashtra,2024-03-25,33.4,55.6,8.6,Calm,0,0
Manipur,2024-03-25,29.4,92.6,4.9,Calm,0,0
Meghalaya,2024-03-25,34.8,56.4,8.7,Calm,0,0
Mizoram,2024-03-25,29.8,76.5,15.6,Breezy,0,0
Nagaland,2024-03-25,30.1,59.8,17.8,Breezy,0,0
Odisha,2024-03-25,27.9,83.3,7.8,Calm,0,0
Punjab,2024-03-25,25.8,46.3,13.9,Breezy,0,1
Rajasthan,2024-03-25,34.6,81.3,10.3,Breezy,0,0
Sikkim,2024-03-25,34.0,48.2,11.5,Breezy,0,0
Tamil Nadu,2024-03-25,32.4,58.0,7.6,Calm,0,0
Telangana,2024-03-25,35.6,35.0,11.2,Breezy,1,0
Tripura,2024-03-25,33.8,55.1,2.8,Calm,0,0
Uttar Pradesh,2024-03-25,25.2,81.6,5.0,Calm,0,0
Uttarakhand,2024-03-25,22.6,61.4,7.6,Calm,0,1
West Bengal,2024-03-25,29.0,57.7,2.7,Calm,0,0
Andaman and Nicobar Islands,2024-03-25,32.3,67.0,12.2,Breezy,0,0
Chandigarh,2024-03-25,30.7,48.9,12.6,Breezy,0,0
Dadra and Nagar Haveli and Daman and Diu,2024-03-25,33.3,45.2,9.5,Calm,0,0
Delhi,2024-03-25,27.8,59.3,15.8,Breezy,0,1
Jammu and Kashmir,2024-03-25,18.2,54.3,13.8,Breezy,0,1
Ladakh,2024-03-25,20.1,46.4,7.9,Calm,0,1
Lakshadweep,2024-03-25,33.1,30.0,8.3,Calm,0,0
Puducherry,2024-03-25,34.0,55.1,9.7,Calm,0,0
Andhra Pradesh,2024-04-01,29.5,66.6,21.6,Breezy,0,0
Arunachal Pradesh,2024-04-01,30.0,64.4,11.0,Breezy,0,0
Assam,2024-04-01,32.8,67.3,10.8,Breezy,0,0
Bihar,2024-04-01,29.7,50.5,15.2,Breezy,0,0
Chhattisgarh,2024-04-01,30.9,68.0,9.4,Calm,0,0
Goa,2024-04-01,36.9,59.7,12.0,Breezy,1,0
Gujarat,2024-04-01,37.1,37.4,1.7,Calm,1,0
Haryana,2024-04-01,25.6,50.3,8.5,Calm,0,1
Himachal Pradesh,2024-04-01,19.4,72.8,16.1,Breezy,0,0
Jharkhand,2024-04-01,34.0,76.4,11.1,Breezy,0,0
Karnataka,2024-04-01,35.6,25.0,13.6,Breezy,1,0
Kerala,2024-04-01,30.8,49.0,10.0,Calm,0,0
Madhya Pradesh,2024-04-01,26.2,54.1,10.4,Breezy,0,1
Maharashtra,2024-04-01,33.6,59.9,13.6,Breezy,0,0
Manipur,2024-04-01,34.0,36.9,12.2,Breezy,0,0
Meghalaya,2024-04-01,33.9,74.1,6.5,Calm,0,0
Mizoram,2024-04-01,30.8,45.8,0.8,Calm,0,0
Nagaland,2024-04-01,36.4,50.2,16.7,Breezy,1,0
Odisha,2024-04-01,32.0,54.3,9.1,Calm,0,0
Punjab,2024-04-01,25.4,42.1,3.9,Calm,0,0
Rajasthan,2024-04-01,38.5,52.4,16.8,Breezy,1,0
Sikkim,2024-04-01,33.1,40.3,16.4,Breezy,0,0
Tamil Nadu,2024-04-01,32.1,54.0,7.0,Calm,0,0
Telangana,2024-04-01,32.0,81.6,10.3,Breezy,0,0
Tripura,2024-04-01,32.3,93.2,21.2,Breezy,0,0
Uttar Pradesh,2024-04-01,27.0,68.3,10.2,Breezy,0,1
Uttarakhand,2024-04-01,19.9,54.3,13.9,Breezy,0,1
West Bengal,2024-04-01,34.8,49.9,16.1,Breezy,0,0
Andaman and Nicobar Islands,2024-04-01,32.6,63.5,10.0,Calm,0,0
Chandigarh,2024-04-01,34.4,40.7,14.4,Breezy,0,0
Dadra and Nagar Haveli and Daman and Diu,2024-04-01,31.3,42.1,8.3,Calm,0,0
Delhi,2024-04-01,26.0,60.2,0.8,Calm,0,0
Jammu and Kashmir,2024-04-01,22.2,44.5,10.3,Breezy,0,1
Ladakh,2024-04-01,19.6,51.6,7.9,Calm,0,1
Lakshadweep,2024-04-01,33.1,66.3,1.9,Calm,0,0
Puducherry,2024-04-01,30.9,36.8,5.1,Calm,0,0
Andhra Pradesh,2024-04-08,32.9,75.3,2.6,Calm,0,0
Arunachal Pradesh,2024-04-08,34.9,86.2,2.6,Calm,0,0
Assam,2024-04-08,30.2,60.0,2.2,Calm,0,0
Bihar,2024-04-08,24.9,67.6,13.9,Breezy,0,1
Chhattisgarh,2024-04-08,31.9,73.8,13.8,Breezy,0,0
Goa,2024-04-08,31.9,51.5,13.1,Breezy,0,0
Gujarat,2024-04-08,37.0,75.1,13.3,Breezy,1,0
Haryana,2024-04-08,28.9,46.1,16.1,Breezy,0,0
Himachal Pradesh,2024-04-08,21.9,55.4,12.6,Breezy,0,1
Jharkhand,2024-04-08,33.8,67.1,9.2,Calm,0,0
Karnataka,2024-04-08,35.2,44.2,13.7,Breezy,1,0
Kerala,2024-04-08,33.7,68.0,15.5,Breezy,0,0
Madhya Pradesh,2024-04-08,27.6,50.1,11.7,Breezy,0,1
Maharashtra,2024-04-08,28.7,83.4,9.8,Calm,0,0
Manipur,2024-04-08,31.1,44.7,15.3,Breezy,0,0
Meghalaya,2024-04-08,32.2,56.0,23.3,Breezy,0,0
Mizoram,2024-04-08,33.7,56.6,7.1,Calm,0,0
Nagaland,2024-04-08,35.5,75.1,8.7,Calm,1,0
Odisha,2024-04-08,31.3,57.5,16.5,Breezy,0,0
Punjab,2024-04-08,27.6,82.6,7.6,Calm,0,0
Rajasthan,2024-04-08,39.4,87.1,16.3,Breezy,1,0
Sikkim,2024-04-08,30.6,53.7,6.5,Calm,0,0
Tamil Nadu,2024-04-08,29.9,84.5,11.1,Breezy,0,0
Telangana,2024-04-08,30.4,72.2,11.7,Breezy,0,0
Tripura,2024-04-08,31.0,57.4,11.5,Breezy,0,0
Uttar Pradesh,2024-04-08,25.4,77.6,12.6,Breezy,0,0
Uttarakhand,2024-04-08,20.2,42.6,7.2,Calm,0,1
West Bengal,2024-04-08,33.1,43.6,12.4,Breezy,0,0
Andaman and Nicobar Islands,2024-04-08,32.1,53.8,11.6,Breezy,0,0
Chandigarh,2024-04-08,33.7,95.0,6.3,Calm,0,0
Dadra and Nagar Haveli and Daman and Diu,2024-04-08,27.4,31.1,6.7,Calm,0,0
Delhi,2024-04-08,22.5,82.4,4.8,Calm,0,0
Jammu and Kashmir,2024-04-08,20.9,72.4,14.6,Breezy,0,0
Ladakh,2024-04-08,20.1,55.7,15.8,Breezy,0,1
Lakshadweep,2024-04-08,30.8,57.7,12.9,Breezy,0,0
Puducherry,2024-04-08,31.4,63.6,12.0,Breezy,0,0
Andhra Pradesh,2024-04-15,33.6,81.0,5.6,Calm,0,0
Arunachal Pradesh,2024-04-15,35.7,39.1,11.6,Breezy,1,0
Assam,2024-04-15,34.3,34.7,6.6,Calm,0,0
Bihar,2024-04-15,28.3,59.5,10.2,Breezy,0,0
Chhattisgarh,2024-04-15,30.6,64.6,14.5,Breezy,0,0
Goa,2024-04-15,33.2,73.8,7.5,Calm,0,0
Gujarat,2024-04-15,36.6,61.8,11.3,Breezy,1,0
Haryana,2024-04-15,29.0,75.8,19.8,Breezy,0,0
Himachal Pradesh,2024-04-15,20.4,50.5,8.0,Calm,0,1
Jharkhand,2024-04-15,28.6,53.3,13.7,Breezy,0,0
Karnataka,2024-04-15,36.0,57.1,10.3,Breezy,1,0
Kerala,2024-04-15,36.2,47.3,4.6,Calm,1,0
Madhya Pradesh,2024-04-15,26.9,73.6,9.3,Calm,0,0
Maharashtra,2024-04-15,34.9,72.7,4.1,Calm,0,0
Manipur,2024-04-15,33.8,92.2,7.6,Calm,0,0
Meghalaya,2024-04-15,31.1,66.8,19.1,Breezy,0,0
Mizoram,2024-04-15,31.9,76.7,6.1,Calm,0,0
Nagaland,2024-04-15,33.3,55.5,12.4,Breezy,0,0
Odisha,2024-04-15,31.6,67.2,14.2,Breezy,0,0
Punjab,2024-04-15,26.2,71.8,15.6,Breezy,0,0
Rajasthan,2024-04-15,35.8,51.2,11.2,Breezy,1,0
Sikkim,2024-04-15,32.0,67.8,8.0,Calm,0,0
Tamil Nadu,2024-04-15,32.6,32.9,17.4,Breezy,0,0
Telangana,2024-04-15,33.0,48.7,1.1,Calm,0,0
Tripura,2024-04-15,29.8,79.4,1.9,Calm,0,0
Uttar Pradesh,2024-04-15,23.0,73.0,9.8,Calm,0,0
Uttarakhand,2024-04-15,21.4,49.3,0.0,Calm,0,0
West Bengal,2024-04-15,32.0,67.9,11.2,Breezy,0,0
Andaman and Nicobar Islands,2024-04-15,33.3,65.0,5.9,Calm,0,0
Chandigarh,2024-04-15,31.5,50.1,10.5,Breezy,0,0
Dadra and Nagar Haveli and Daman and Diu,2024-04-15,36.9,81.7,16.3,Breezy,1,0
Delhi,2024-04-15,29.1,44.1,12.8,Breezy,0,0
Jammu and Kashmir,2024-04-15,18.6,68.9,5.5,Calm,0,1
Ladakh,2024-04-15,18.0,55.9,13.1,Breezy,0,1
Lakshadweep,2024-04-15,33.7,40.5,13.9,Breezy,0,0
Puducherry,2024-04-15,33.9,91.8,8.6,Calm,0,0
Andhra Pradesh,2024-04-22,32.9,58.7,21.7,Breezy,0,0
Arunachal Pradesh,2024-04-22,30.5,60.6,7.0,Calm,0,0
Assam,2024-04-22,32.9,68.6,15.3,Breezy,0,0
Bihar,2024-04-22,26.5,62.7,7.1,Calm,0,1
Chhattisgarh,2024-04-22,32.0,95.0,10.0,Calm,0,0
Goa,2024-04-22,32.0,59.2,15.3,Breezy,0,0
Gujarat,2024-04-22,36.7,60.9,10.6,Breezy,1,0
Haryana,2024-04-22,27.1,51.1,7.4,Calm,0,1
Himachal Pradesh,2024-04-22,17.5,74.2,10.0,Calm,0,0
Jharkhand,2024-04-22,32.7,81.4,12.6,Breezy,0,0
Karnataka,2024-04-22,37.5,64.5,11.0,Breezy,1,0
Kerala,2024-04-22,33.2,58.7,7.6,Calm,0,0
Madhya Pradesh,2024-04-22,26.0,63.8,15.5,Breezy,0,1
Maharashtra,2024-04-22,32.9,46.8,10.9,Breezy,0,0
Manipur,2024-04-22,33.7,22.4,5.5,Calm,0,0
Meghalaya,2024-04-22,32.9,48.6,15.5,Breezy,0,0
Mizoram,2024-04-22,32.7,60.4,6.0,Calm,0,0
Nagaland,2024-04-22,35.2,35.2,9.6,Calm,1,0
Odisha,2024-04-22,32.2,63.5,9.7,Calm,0,0
Punjab,2024-04-22,26.2,59.8,13.9,Breezy,0,1
Rajasthan,2024-04-22,37.1,76.4,13.0,Breezy,1,0
Sikkim,2024-04-22,33.5,61.7,6.0,Calm,0,0
Tamil Nadu,2024-04-22,33.3,29.6,11.6,Breezy,0,0
Telangana,2024-04-22,32.9,51.1,0.0,Calm,0,0
Tripura,2024-04-22,31.1,39.0,5.1,Calm,0,0
Uttar Pradesh,2024-04-22,30.4,67.2,8.9,Calm,0,0
Uttarakhand,2024-04-22,19.7,73.3,8.6,Calm,0,0
West Bengal,2024-04-22,32.2,79.2,13.2,Breezy,0,0
Andaman and Nicobar Islands,2024-04-22,32.6,75.4,9.5,Calm,0,0
Chandigarh,2024-04-22,36.1,67.3,9.3,Calm,1,0
Dadra and Nagar Haveli and Daman and Diu,2024-04-22,33.3,49.2,15.2,Breezy,0,0
Delhi,2024-04-22,22.7,77.4,13.0,Breezy,0,0
Jammu and Kashmir,2024-04-22,19.0,26.7,9.7,Calm,0,0
Ladakh,2024-04-22,19.8,59.5,13.5,Breezy,0,1
Lakshadweep,2024-04-22,27.6,55.4,5.0,Calm,0,1
Puducherry,2024-04-22,30.7,49.4,2.1,Calm,0,0
Andhra Pradesh,2024-04-29,32.4,38.9,11.7,Breezy,0,0
Arunachal Pradesh,2024-04-29,33.1,39.0,4.6,Calm,0,0
Assam,2024-04-29,33.2,59.8,10.8,Breezy,0,0
Bihar,2024-04-29,29.6,73.7,5.5,Calm,0,0
Chhattisgarh,2024-04-29,31.1,40.1,5.1,Calm,0,0
Goa,2024-04-29,31.4,66.8,9.5,Calm,0,0
Gujarat,2024-04-29,39.9,64.4,1.2,Calm,1,0
Haryana,2024-04-29,28.1,49.4,14.7,Breezy,0,0
Himachal Pradesh,2024-04-29,20.8,54.6,4.3,Calm,0,0
Jharkhand,2024-04-29,31.8,64.6,16.4,Breezy,0,0
Karnataka,2024-04-29,31.8,74.8,0.9,Calm,0,0
Kerala,2024-04-29,33.8,44.0,8.3,Calm,0,0
Madhya Pradesh,2024-04-29,25.2,58.6,11.4,Breezy,0,1
Maharashtra,2024-04-29,26.7,91.0,10.8,Breezy,0,0
Manipur,2024-04-29,33.4,51.6,7.5,Calm,0,0
Meghalaya,2024-04-29,32.7,72.0,6.8,Calm,0,0
Mizoram,2024-04-29,28.9,93.7,5.5,Calm,0,0
Nagaland,2024-04-29,30.3,56.7,12.4,Breezy,0,0
Odisha,2024-04-29,28.7,58.5,12.6,Breezy,0,0
Punjab,2024-04-29,28.5,30.7,0.8,Calm,0,0
Rajasthan,2024-04-29,41.4,66.2,4.7,Calm,1,0
Sikkim,2024-04-29,34.0,41.6,8.8,Calm,0,0
Tamil Nadu,2024-04-29,29.3,75.4,6.5,Calm,0,0
Telangana,2024-04-29,30.7,67.0,22.6,Breezy,0,0
Tripura,2024-04-29,35.5,67.8,10.9,Breezy,1,0
Uttar Pradesh,2024-04-29,25.9,66.5,12.6,Breezy,0,1
Uttarakhand,2024-04-29,20.0,75.4,7.4,Calm,0,0
West Bengal,2024-04-29,30.6,43.5,18.1,Breezy,0,0
Andaman and Nicobar Islands,2024-04-29,32.7,59.8,10.7,Breezy,0,0
Chandigarh,2024-04-29,31.5,51.4,11.6,Breezy,0,0
Dadra and Nagar Haveli and Daman and Diu,2024-04-29,32.3,59.2,2.0,Calm,0,0
Delhi,2024-04-29,27.4,56.1,7.5,Calm,0,1
Jammu and Kashmir,2024-04-29,22.2,43.2,10.0,Calm,0,1
Ladakh,2024-04-29,21.3,80.1,10.8,Breezy,0,0
Lakshadweep,2024-04-29,32.6,62.1,14.6,Breezy,0,0
Puducherry,2024-04-29,28.4,77.2,15.2,Breezy,0,0
Andhra Pradesh,2024-05-06,32.6,81.0,12.1,Breezy,0,0
Arunachal Pradesh,2024-05-06,37.6,73.4,10.9,Breezy,1,0
Assam,2024-05-06,32.2,33.8,13.1,Breezy,0,0
Bihar,2024-05-06,24.9,74.8,6.8,Calm,0,0
Chhattisgarh,2024-05-06,33.1,81.9,6.0,Calm,0,0
Goa,2024-05-06,32.1,43.4,16.4,Breezy,0,0
Gujarat,2024-05-06,38.3,68.7,16.3,Breezy,1,0
Haryana,2024-05-06,26.8,37.3,15.7,Breezy,0,0
Himachal Pradesh,2024-05-06,21.7,41.5,12.7,Breezy,0,1
Jharkhand,2024-05-06,30.0,76.1,14.6,Breezy,0,0
Karnataka,2024-05-06,31.4,49.4,16.7,Breezy,0,0
Kerala,2024-05-06,33.6,49.8,5.3,Calm,0,0
Madhya Pradesh,2024-05-06,28.7,48.9,10.0,Calm,0,0
Maharashtra,2024-05-06,32.8,83.0,9.3,Calm,0,0
Manipur,2024-05-06,33.1,66.7,8.5,Calm,0,0
Meghalaya,2024-05-06,32.1,50.4,6.6,Calm,0,0
Mizoram,2024-05-06,35.1,50.6,17.6,Breezy,1,0
Nagaland,2024-05-06,34.6,66.9,18.0,Breezy,0,0
Odisha,2024-05-06,35.8,60.4,11.3,Breezy,1,0
Punjab,2024-05-06,26.9,59.1,8.9,Calm,0,1
Rajasthan,2024-05-06,38.3,56.0,9.9,Calm,1,0
Sikkim,2024-05-06,29.2,50.9,6.1,Calm,0,0
Tamil Nadu,2024-05-06,30.7,52.3,10.6,Breezy,0,0
Telangana,2024-05-06,30.2,51.6,12.4,Breezy,0,0
Tripura,2024-05-06,28.7,79.9,7.6,Calm,0,0
Uttar Pradesh,2024-05-06,26.1,43.9,10.3,Breezy,0,1
Uttarakhand,2024-05-06,18.1,65.2,10.3,Breezy,0,1
West Bengal,2024-05-06,33.2,77.1,6.0,Calm,0,0
Andaman and Nicobar Islands,2024-05-06,34.5,63.9,9.7,Calm,0,0
Chandigarh,2024-05-06,31.2,51.8,18.6,Breezy,0,0
Dadra and Nagar Haveli and Daman and Diu,2024-05-06,31.2,42.4,12.8,Breezy,0,0
Delhi,2024-05-06,27.7,51.0,17.4,Breezy,0,1
Jammu and Kashmir,2024-05-06,19.5,73.5,7.7,Calm,0,0
Ladakh,2024-05-06,25.6,71.7,6.1,Calm,0,0
Lakshadweep,2024-05-06,33.6,52.2,17.4,Breezy,0,0
Puducherry,2024-05-06,32.7,57.2,9.9,Calm,0,0
Andhra Pradesh,2024-05-13,31.0,79.7,6.2,Calm,0,0
Arunachal Pradesh,2024-05-13,30.7,71.2,7.3,Calm,0,0
Assam,2024-05-13,31.7,79.6,11.9,Breezy,0,0
Bihar,2024-05-13,27.7,62.5,10.5,Breezy,0,1
Chhattisgarh,2024-05-13,32.1,77.4,17.6,Breezy,0,0
Goa,2024-05-13,33.4,75.8,13.0,Breezy,0,0
Gujarat,2024-05-13,37.5,70.0,9.0,Calm,1,0
Haryana,2024-05-13,27.9,79.8,6.3,Calm,0,0
Himachal Pradesh,2024-05-13,20.1,43.6,7.9,Calm,0,1
Jharkhand,2024-05-13,31.6,61.9,12.1,Breezy,0,0
Karnataka,2024-05-13,34.6,40.2,15.8,Breezy,0,0
Kerala,2024-05-13,33.9,72.9,9.7,Calm,0,0
Madhya Pradesh,2024-05-13,29.9,42.7,10.2,Breezy,0,0
Maharashtra,2024-05-13,35.9,65.9,14.4,Breezy,1,0
Manipur,2024-05-13,38.5,45.1,13.3,Breezy,1,0
Meghalaya,2024-05-13,30.8,46.3,15.6,Breezy,0,0
Mizoram,2024-05-13,35.9,45.4,15.4,Breezy,1,0
Nagaland,2024-05-13,31.2,57.6,13.6,Breezy,0,0
Odisha,2024-05-13,31.9,80.5,11.9,Breezy,0,0
Punjab,2024-05-13,30.6,70.0,11.4,Breezy,0,0
Rajasthan,2024-05-13,40.2,59.1,8.9,Calm,1,0
Sikkim,2024-05-13,36.0,45.9,11.0,Breezy,1,0
Tamil Nadu,2024-05-13,32.8,59.8,12.6,Breezy,0,0
Telangana,2024-05-13,34.5,71.7,20.9,Breezy,0,0
Tripura,2024-05-13,33.9,46.0,13.7,Breezy,0,0
Uttar Pradesh,2024-05-13,29.4,76.8,8.0,Calm,0,0
Uttarakhand,2024-05-13,20.1,20.0,15.9,Breezy,0,0
West Bengal,2024-05-13,36.0,64.3,11.1,Breezy,1,0
Andaman and Nicobar Islands,2024-05-13,32.2,83.4,8.9,Calm,0,0
Chandigarh,2024-05-13,36.5,50.2,11.8,Breezy,1,0
Dadra and Nagar Haveli and Daman and Diu,2024-05-13,32.6,63.1,15.9,Breezy,0,0
Delhi,2024-05-13,30.7,82.6,5.4,Calm,0,0
Jammu and Kashmir,2024-05-13,21.1,32.1,5.9,Calm,0,0
Ladakh,2024-05-13,20.1,60.8,11.7,Breezy,0,1
Lakshadweep,2024-05-13,31.3,33.8,12.4,Breezy,0,0
Puducherry,2024-05-13,31.0,79.5,9.9,Calm,0,0
Andhra Pradesh,2024-05-20,34.6,61.5,11.1,Breezy,0,0
Arunachal Pradesh,2024-05-20,31.9,81.2,10.7,Breezy,0,0
Assam,2024-05-20,30.1,39.8,12.0,Breezy,0,0
Bihar,2024-05-20,24.3,56.8,12.5,Breezy,0,1
Chhattisgarh,2024-05-20,31.4,67.7,8.7,Calm,0,0
Goa,2024-05-20,32.4,58.3,19.8,Breezy,0,0
Gujarat,2024-05-20,32.8,77.2,7.3,Calm,0,0
Haryana,2024-05-20,24.0,54.2,11.3,Breezy,0,1
Himachal Pradesh,2024-05-20,20.7,69.9,12.3,Breezy,0,1
Jharkhand,2024-05-20,35.7,54.2,0.0,Calm,1,0
Karnataka,2024-05-20,31.0,66.4,9.9,Calm,0,0
Kerala,2024-05-20,32.0,29.0,10.1,Breezy,0,0
Madhya Pradesh,2024-05-20,30.6,60.6,6.7,Calm,0,0
Maharashtra,2024-05-20,35.8,61.2,14.9,Breezy,1,0
Manipur,2024-05-20,28.7,90.2,17.8,Breezy,0,0
Meghalaya,2024-05-20,33.7,47.3,8.0,Calm,0,0
Mizoram,2024-05-20,32.1,60.3,8.6,Calm,0,0
Nagaland,2024-05-20,30.1,69.2,8.2,Calm,0,0
Odisha,2024-05-20,31.6,69.0,14.3,Breezy,0,0
Punjab,2024-05-20,27.9,95.0,11.2,Breezy,0,0
Rajasthan,2024-05-20,36.7,56.1,20.1,Breezy,1,0
Sikkim,2024-05-20,34.4,55.4,9.2,Calm,0,0
Tamil Nadu,2024-05-20,32.5,73.1,6.2,Calm,0,0
Telangana,2024-05-20,35.7,51.3,17.6,Breezy,1,0
Tripura,2024-05-20,31.8,38.2,8.3,Calm,0,0
Uttar Pradesh,2024-05-20,28.0,52.8,9.2,Calm,0,1
Uttarakhand,2024-05-20,16.9,61.3,14.1,Breezy,0,0
West Bengal,2024-05-20,30.9,78.3,6.0,Calm,0,0
Andaman and Nicobar Islands,2024-05-20,31.1,70.2,0.0,Calm,0,0
Chandigarh,2024-05-20,33.7,20.0,0.2,Calm,0,0
Dadra and Nagar Haveli and Daman and Diu,2024-05-20,35.4,44.3,5.0,Calm,1,0
Delhi,2024-05-20,26.7,44.0,7.1,Calm,0,1
Jammu and Kashmir,2024-05-20,19.0,20.0,8.4,Calm,0,0
Ladakh,2024-05-20,17.9,34.0,8.7,Calm,0,0
Lakshadweep,2024-05-20,32.5,68.5,5.6,Calm,0,0
Puducherry,2024-05-20,29.2,47.4,18.0,Breezy,0,0
Andhra Pradesh,2024-05-27,36.7,41.3,7.5,Calm,1,0
Arunachal Pradesh,2024-05-27,30.9,49.8,10.3,Breezy,0,0
Assam,2024-05-27,32.9,63.2,9.0,Calm,0,0
Bihar,2024-05-27,26.8,67.9,5.4,Calm,0,1
Chhattisgarh,2024-05-27,33.5,70.5,9.1,Calm,0,0
Goa,2024-05-27,32.4,57.7,21.6,Breezy,0,0
Gujarat,2024-05-27,37.9,61.5,8.5,Calm,1,0
Haryana,2024-05-27,30.3,46.0,1.8,Calm,0,0
Himachal Pradesh,2024-05-27,19.8,63.7,19.9,Breezy,0,1
Jharkhand,2024-05-27,30.5,80.4,2.4,Calm,0,0
Karnataka,2024-05-27,34.5,54.7,3.0,Calm,0,0
Kerala,2024-05-27,33.8,58.4,18.3,Breezy,0,0
Madhya Pradesh,2024-05-27,28.2,80.6,10.6,Breezy,0,0
Maharashtra,2024-05-27,31.2,57.2,7.3,Calm,0,0
Manipur,2024-05-27,32.6,49.2,9.9,Calm,0,0
Meghalaya,2024-05-27,32.9,33.3,8.6,Calm,0,0
Mizoram,2024-05-27,33.4,54.5,10.9,Breezy,0,0
Nagaland,2024-05-27,34.1,66.4,12.3,Breezy,0,0
Odisha,2024-05-27,33.1,63.7,11.3,Breezy,0,0
Punjab,2024-05-27,24.5,81.2,9.9,Calm,0,0
Rajasthan,2024-05-27,32.9,63.0,17.5,Breezy,0,0
Sikkim,2024-05-27,33.9,59.2,15.6,Breezy,0,0
Tamil Nadu,2024-05-27,28.6,62.4,15.0,Breezy,0,0
Telangana,2024-05-27,36.3,51.5,5.5,Calm,1,0
Tripura,2024-05-27,30.9,42.8,8.5,Calm,0,0
Uttar Pradesh,2024-05-27,25.5,48.5,11.8,Breezy,0,1
Uttarakhand,2024-05-27,20.2,65.9,10.3,Breezy,0,1
West Bengal,2024-05-27,33.1,61.5,11.6,Breezy,0,0
Andaman and Nicobar Islands,2024-05-27,31.3,62.5,9.5,Calm,0,0
Chandigarh,2024-05-27,33.5,39.6,6.8,Calm,0,0
Dadra and Nagar Haveli and Daman and Diu,2024-05-27,33.1,55.9,7.6,Calm,0,0
Delhi,2024-05-27,30.7,64.0,9.3,Calm,0,0
Jammu and Kashmir,2024-05-27,20.6,75.5,9.2,Calm,0,0
Ladakh,2024-05-27,21.9,70.7,18.0,Breezy,0,0
Lakshadweep,2024-05-27,32.1,53.8,7.8,Calm,0,0
Puducherry,2024-05-27,33.6,53.3,12.7,Breezy,0,0
Andhra Pradesh,2024-06-03,33.9,53.8,18.8,Breezy,0,0
Arunachal Pradesh,2024-06-03,33.3,54.3,16.6,Breezy,0,0
Assam,2024-06-03,32.5,64.6,6.9,Calm,0,0
Bihar,2024-06-03,24.4,46.9,0.0,Calm,0,0
Chhattisgarh,2024-06-03,35.2,79.8,10.0,Calm,1,0
Goa,2024-06-03,33.3,95.0,1.4,Calm,0,0
Gujarat,2024-06-03,38.6,48.4,8.0,Calm,1,0
Haryana,2024-06-03,28.1,80.4,4.0,Calm,0,0
Himachal Pradesh,2024-06-03,21.0,76.0,5.5,Calm,0,0
Jharkhand,2024-06-03,32.1,73.0,11.8,Breezy,0,0
Karnataka,2024-06-03,32.7,55.3,17.1,Breezy,0,0
Kerala,2024-06-03,29.1,60.9,7.4,Calm,0,0
Madhya Pradesh,2024-06-03,23.1,63.7,17.7,Breezy,0,1
Maharashtra,2024-06-03,31.6,51.1,15.6,Breezy,0,0
Manipur,2024-06-03,33.3,54.9,7.3,Calm,0,0
Meghalaya,2024-06-03,34.4,70.0,13.7,Breezy,0,0
Mizoram,2024-06-03,32.5,59.6,19.3,Breezy,0,0
Nagaland,2024-06-03,31.2,75.2,12.2,Breezy,0,0
Odisha,2024-06-03,32.2,61.9,18.9,Breezy,0,0
Punjab,2024-06-03,29.3,45.0,1.9,Calm,0,0
Rajasthan,2024-06-03,39.2,55.3,13.5,Breezy,1,0
Sikkim,2024-06-03,34.7,64.9,3.3,Calm,0,0
Tamil Nadu,2024-06-03,36.6,42.8,4.3,Calm,1,0
Telangana,2024-06-03,31.6,85.6,1.3,Calm,0,0
Tripura,2024-06-03,27.8,61.6,13.6,Breezy,0,1
Uttar Pradesh,2024-06-03,29.6,72.7,6.6,Calm,0,0
Uttarakhand,2024-06-03,19.2,82.8,4.1,Calm,0,0
West Bengal,2024-06-03,33.9,73.0,15.0,Breezy,0,0
Andaman and Nicobar Islands,2024-06-03,32.7,59.9,13.2,Breezy,0,0
Chandigarh,2024-06-03,32.1,57.6,10.6,Breezy,0,0
Dadra and Nagar Haveli and Daman and Diu,2024-06-03,32.7,50.5,15.5,Breezy,0,0
Delhi,2024-06-03,28.1,87.2,18.2,Breezy,0,0
Jammu and Kashmir,2024-06-03,19.7,30.2,4.1,Calm,0,0
Ladakh,2024-06-03,23.0,80.0,13.4,Breezy,0,0
Lakshadweep,2024-06-03,31.9,67.9,12.5,Breezy,0,0
Puducherry,2024-06-03,35.5,66.7,17.3,Breezy,1,0
Andhra Pradesh,2024-06-10,33.5,22.8,11.8,Breezy,0,0
Arunachal Pradesh,2024-06-10,35.1,65.6,14.4,Breezy,1,0
Assam,2024-06-10,33.0,64.1,13.4,Breezy,0,0
Bihar,2024-06-10,26.0,55.3,5.8,Calm,0,1
Chhattisgarh,2024-06-10,32.0,90.5,10.4,Breezy,0,0
Goa,2024-06-10,32.4,54.4,0.8,Calm,0,0
Gujarat,2024-06-10,35.7,34.3,18.4,Breezy,1,0
Haryana,2024-06-10,26.9,66.8,19.8,Breezy,0,1
Himachal Pradesh,2024-06-10,21.4,67.1,12.7,Breezy,0,1
Jharkhand,2024-06-10,33.5,63.9,18.1,Breezy,0,0
Karnataka,2024-06-10,32.0,38.5,13.0,Breezy,0,0
Kerala,2024-06-10,32.6,71.2,16.9,Breezy,0,0
Madhya Pradesh,2024-06-10,25.4,79.7,8.0,Calm,0,0
Maharashtra,2024-06-10,32.6,50.4,7.7,Calm,0,0
Manipur,2024-06-10,33.7,29.5,3.0,Calm,0,0
Meghalaya,2024-06-10,34.3,75.9,11.7,Breezy,0,0
Mizoram,2024-06-10,34.4,64.1,3.4,Calm,0,0
Nagaland,2024-06-10,32.9,70.9,13.5,Breezy,0,0
Odisha,2024-06-10,32.6,53.8,22.0,Breezy,0,0
Punjab,2024-06-10,30.4,64.2,11.5,Breezy,0,0
Rajasthan,2024-06-10,37.2,63.8,5.9,Calm,1,0
Sikkim,2024-06-10,29.8,47.3,3.9,Calm,0,0
Tamil Nadu,2024-06-10,32.8,54.6,4.5,Calm,0,0
Telangana,2024-06-10,30.9,63.8,17.3,Breezy,0,0
Tripura,2024-06-10,33.6,39.8,7.8,Calm,0,0
Uttar Pradesh,2024-06-10,24.7,60.3,18.7,Breezy,0,1
Uttarakhand,2024-06-10,22.0,57.1,4.8,Calm,0,0
West Bengal,2024-06-10,33.3,67.7,4.1,Calm,0,0
Andaman and Nicobar Islands,2024-06-10,31.7,86.9,3.2,Calm,0,0
Chandigarh,2024-06-10,34.1,52.6,5.1,Calm,0,0
Dadra and Nagar Haveli and Daman and Diu,2024-06-10,35.1,78.1,9.5,Calm,1,0
Delhi,2024-06-10,30.0,67.4,14.9,Breezy,0,0
Jammu and Kashmir,2024-06-10,17.0,68.0,19.9,Breezy,0,0
Ladakh,2024-06-10,16.0,74.2,13.0,Breezy,0,0
Lakshadweep,2024-06-10,35.7,67.2,0.5,Calm,1,0
Puducherry,2024-06-10,32.0,56.7,7.0,Calm,0,0
Andhra Pradesh,2024-06-17,31.6,70.7,9.2,Calm,0,0
Arunachal Pradesh,2024-06-17,35.2,25.6,13.3,Breezy,1,0
Assam,2024-06-17,34.3,61.6,6.3,Calm,0,0
Bihar,2024-06-17,26.7,60.1,12.8,Breezy,0,1
Chhattisgarh,2024-06-17,31.0,70.4,6.1,Calm,0,0
Goa,2024-06-17,31.3,66.1,13.8,Breezy,0,0
Gujarat,2024-06-17,37.1,60.9,10.9,Breezy,1,0
Haryana,2024-06-17,25.6,75.8,7.7,Calm,0,0
Himachal Pradesh,2024-06-17,18.0,73.2,11.6,Breezy,0,0
Jharkhand,2024-06-17,28.7,55.7,9.6,Calm,0,0
Karnataka,2024-06-17,31.8,88.1,13.0,Breezy,0,0
Kerala,2024-06-17,30.5,64.7,3.5,Calm,0,0
Madhya Pradesh,2024-06-17,25.3,42.4,12.6,Breezy,0,1
Maharashtra,2024-06-17,33.3,54.2,13.2,Breezy,0,0
Manipur,2024-06-17,34.0,50.2,11.0,Breezy,0,0
Meghalaya,2024-06-17,31.9,58.3,2.8,Calm,0,0
Mizoram,2024-06-17,37.3,81.4,18.8,Breezy,1,0
Nagaland,2024-06-17,33.4,65.9,9.8,Calm,0,0
Odisha,2024-06-17,32.2,71.3,10.2,Breezy,0,0
Punjab,2024-06-17,30.6,73.2,8.9,Calm,0,0
Rajasthan,2024-06-17,36.7,60.6,11.8,Breezy,1,0
Sikkim,2024-06-17,34.8,67.6,9.2,Calm,0,0
Tamil Nadu,2024-06-17,31.9,72.8,11.3,Breezy,0,0
Telangana,2024-06-17,32.8,56.0,16.0,Breezy,0,0
Tripura,2024-06-17,34.5,69.5,4.3,Calm,0,0
Uttar Pradesh,2024-06-17,27.7,48.9,12.2,Breezy,0,1
Uttarakhand,2024-06-17,22.5,50.1,9.2,Calm,0,1
West Bengal,2024-06-17,35.3,58.7,0.0,Calm,1,0
Andaman and Nicobar Islands,2024-06-17,32.1,63.2,13.4,Breezy,0,0
Chandigarh,2024-06-17,29.4,45.9,11.1,Breezy,0,0
Dadra and Nagar Haveli and Daman and Diu,2024-06-17,36.4,44.4,12.1,Breezy,1,0
Delhi,2024-06-17,27.2,60.3,11.2,Breezy,0,1
Jammu and Kashmir,2024-06-17,21.9,56.0,12.5,Breezy,0,1
Ladakh,2024-06-17,21.4,93.4,16.4,Breezy,0,0
Lakshadweep,2024-06-17,33.6,59.9,4.6,Calm,0,0
Puducherry,2024-06-17,31.8,37.7,4.8,Calm,0,0
Andhra Pradesh,2024-06-24,29.8,85.4,10.9,Breezy,0,0
Arunachal Pradesh,2024-06-24,35.4,47.3,17.8,Breezy,1,0
Assam,2024-06-24,35.0,63.3,13.6,Breezy,0,0
Bihar,2024-06-24,29.3,70.3,9.2,Calm,0,0
Chhattisgarh,2024-06-24,31.8,54.3,9.4,Calm,0,0
Goa,2024-06-24,30.1,74.6,15.0,Breezy,0,0
Gujarat,2024-06-24,38.9,51.0,11.4,Breezy,1,0
Haryana,2024-06-24,27.9,84.2,15.1,Breezy,0,0
Himachal Pradesh,2024-06-24,18.8,25.0,3.9,Calm,0,0
Jharkhand,2024-06-24,36.0,38.9,13.1,Breezy,1,0
Karnataka,2024-06-24,30.8,58.3,24.8,Breezy,0,0
Kerala,2024-06-24,33.4,57.1,4.8,Calm,0,0
Madhya Pradesh,2024-06-24,26.7,29.0,3.9,Calm,0,0
Maharashtra,2024-06-24,33.8,46.2,5.1,Calm,0,0
Manipur,2024-06-24,36.8,60.7,14.1,Breezy,1,0
Meghalaya,2024-06-24,32.8,48.2,9.3,Calm,0,0
Mizoram,2024-06-24,30.3,79.3,7.5,Calm,0,0
Nagaland,2024-06-24,36.6,50.4,12.6,Breezy,1,0
Odisha,2024-06-24,33.4,39.9,6.6,Calm,0,0
Punjab,2024-06-24,28.2,51.4,2.4,Calm,0,0
Rajasthan,2024-06-24,36.6,80.3,0.0,Calm,1,0
Sikkim,2024-06-24,35.2,62.5,4.6,Calm,1,0
Tamil Nadu,2024-06-24,31.0,58.2,10.7,Breezy,0,0
Telangana,2024-06-24,29.4,88.2,4.0,Calm,0,0
Tripura,2024-06-24,32.4,63.0,10.5,Breezy,0,0
Uttar Pradesh,2024-06-24,26.0,30.4,13.1,Breezy,0,0
Uttarakhand,2024-06-24,19.4,65.8,9.7,Calm,0,1
West Bengal,2024-06-24,34.2,69.8,0.0,Calm,0,0
Andaman and Nicobar Islands,2024-06-24,30.2,76.4,15.6,Breezy,0,0
Chandigarh,2024-06-24,33.1,75.6,10.5,Breezy,0,0
Dadra and Nagar Haveli and Daman and Diu,2024-06-24,31.3,78.7,13.1,Breezy,0,0
Delhi,2024-06-24,27.2,71.6,16.8,Breezy,0,0
Jammu and Kashmir,2024-06-24,16.3,89.2,4.9,Calm,0,0
Ladakh,2024-06-24,20.8,67.6,16.7,Breezy,0,1
Lakshadweep,2024-06-24,35.8,68.2,13.1,Breezy,1,0
Puducherry,2024-06-24,31.3,41.0,10.7,Breezy,0,0
Andhra Pradesh,2024-07-01,29.0,48.4,2.9,Calm,0,0
Arunachal Pradesh,2024-07-01,26.0,37.1,10.8,Breezy,0,0
Assam,2024-07-01,27.6,82.3,5.2,Calm,0,0
Bihar,2024-07-01,21.0,77.7,20.1,Breezy,0,0
Chhattisgarh,2024-07-01,22.5,62.5,16.8,Breezy,0,1
Goa,2024-07-01,25.8,61.9,16.5,Breezy,0,1
Gujarat,2024-07-01,33.4,79.1,22.0,Breezy,0,0
Haryana,2024-07-01,19.4,76.4,12.0,Breezy,0,0
Himachal Pradesh,2024-07-01,12.7,80.4,14.8,Breezy,0,0
Jharkhand,2024-07-01,26.2,69.6,8.4,Calm,0,1
Karnataka,2024-07-01,26.1,52.2,11.8,Breezy,0,1
Kerala,2024-07-01,24.1,78.8,13.7,Breezy,0,0
Madhya Pradesh,2024-07-01,20.2,57.9,8.2,Calm,0,1
Maharashtra,2024-07-01,25.5,52.9,6.5,Calm,0,1
Manipur,2024-07-01,23.3,82.5,7.5,Calm,0,0
Meghalaya,2024-07-01,28.6,57.7,20.1,Breezy,0,0
Mizoram,2024-07-01,24.0,89.5,8.4,Calm,0,0
Nagaland,2024-07-01,27.7,77.6,13.6,Breezy,0,0
Odisha,2024-07-01,25.3,28.3,11.0,Breezy,0,0
Punjab,2024-07-01,23.3,39.4,10.9,Breezy,0,0
Rajasthan,2024-07-01,29.6,63.4,9.7,Calm,0,0
Sikkim,2024-07-01,24.3,36.1,4.3,Calm,0,0
Tamil Nadu,2024-07-01,24.0,41.6,5.0,Calm,0,1
Telangana,2024-07-01,28.3,26.0,2.5,Calm,0,0
Tripura,2024-07-01,28.1,51.4,8.4,Calm,0,0
Uttar Pradesh,2024-07-01,24.1,38.7,8.5,Calm,0,0
Uttarakhand,2024-07-01,12.2,48.3,11.1,Breezy,0,0
West Bengal,2024-07-01,26.7,76.5,5.4,Calm,0,0
Andaman and Nicobar Islands,2024-07-01,27.2,62.7,23.3,Breezy,0,0
Chandigarh,2024-07-01,21.1,61.6,15.2,Breezy,0,1
Dadra and Nagar Haveli and Daman and Diu,2024-07-01,26.2,57.1,0.0,Calm,0,0
Delhi,2024-07-01,17.9,44.1,8.4,Calm,0,0
Jammu and Kashmir,2024-07-01,14.1,52.9,0.5,Calm,0,0
Ladakh,2024-07-01,13.2,67.8,13.5,Breezy,0,0
Lakshadweep,2024-07-01,26.8,53.7,3.6,Calm,0,0
Puducherry,2024-07-01,22.9,63.2,5.0,Calm,0,1
Andhra Pradesh,2024-07-08,29.9,49.9,7.4,Calm,0,0
Arunachal Pradesh,2024-07-08,26.1,58.5,15.2,Breezy,0,1
Assam,2024-07-08,25.2,63.1,5.9,Calm,0,1
Bihar,2024-07-08,19.4,75.1,12.2,Breezy,0,0
Chhattisgarh,2024-07-08,27.5,57.3,7.6,Calm,0,1
Goa,2024-07-08,23.3,87.0,6.9,Calm,0,0
Gujarat,2024-07-08,32.6,48.4,14.0,Breezy,0,0
Haryana,2024-07-08,18.9,27.8,14.9,Breezy,0,0
Himachal Pradesh,2024-07-08,12.5,95.0,10.3,Breezy,0,0
Jharkhand,2024-07-08,28.1,57.8,1.3,Calm,0,0
Karnataka,2024-07-08,26.0,80.3,13.5,Breezy,0,0
Kerala,2024-07-08,23.9,49.7,6.7,Calm,0,1
Madhya Pradesh,2024-07-08,19.4,53.4,4.9,Calm,0,0
Maharashtra,2024-07-08,22.3,35.6,9.6,Calm,0,0
Manipur,2024-07-08,22.3,55.4,14.9,Breezy,0,1
Meghalaya,2024-07-08,24.5,41.4,5.5,Calm,0,1
Mizoram,2024-07-08,23.6,30.7,8.3,Calm,0,0
Nagaland,2024-07-08,23.8,95.0,16.1,Breezy,0,0
Odisha,2024-07-08,25.5,68.8,10.3,Breezy,0,1
Punjab,2024-07-08,20.7,68.9,0.0,Calm,0,0
Rajasthan,2024-07-08,29.1,48.7,16.0,Breezy,0,0
Sikkim,2024-07-08,28.6,89.1,18.0,Breezy,0,0
Tamil Nadu,2024-07-08,23.9,67.4,16.6,Breezy,0,1
Telangana,2024-07-08,28.6,49.7,13.2,Breezy,0,0
Tripura,2024-07-08,29.4,43.1,9.3,Calm,0,0
Uttar Pradesh,2024-07-08,20.5,66.1,14.3,Breezy,0,1
Uttarakhand,2024-07-08,10.9,55.9,11.8,Breezy,0,0
West Bengal,2024-07-08,25.3,45.1,9.4,Calm,0,1
Andaman and Nicobar Islands,2024-07-08,24.4,50.7,12.9,Breezy,0,1
Chandigarh,2024-07-08,26.9,49.5,5.5,Calm,0,1
Dadra and Nagar Haveli and Daman and Diu,2024-07-08,26.2,55.7,6.6,Calm,0,1
Delhi,2024-07-08,22.3,75.9,13.1,Breezy,0,0
Jammu and Kashmir,2024-07-08,8.8,81.0,15.9,Breezy,0,0
Ladakh,2024-07-08,11.1,62.5,4.5,Calm,0,0
Lakshadweep,2024-07-08,22.9,42.7,6.4,Calm,0,1
Puducherry,2024-07-08,28.5,80.4,3.7,Calm,0,0
Andhra Pradesh,2024-07-15,29.9,78.6,13.4,Breezy,0,0
Arunachal Pradesh,2024-07-15,27.0,56.4,10.9,Breezy,0,1
Assam,2024-07-15,23.0,55.3,5.5,Calm,0,1
Bihar,2024-07-15,18.9,60.1,2.3,Calm,0,0
Chhattisgarh,2024-07-15,25.4,50.9,16.0,Breezy,0,1
Goa,2024-07-15,24.4,70.9,8.1,Calm,0,0
Gujarat,2024-07-15,28.8,73.5,8.4,Calm,0,0
Haryana,2024-07-15,18.5,54.4,0.1,Calm,0,0
Himachal Pradesh,2024-07-15,14.3,91.7,9.8,Calm,0,0
Jharkhand,2024-07-15,26.7,73.1,16.9,Breezy,0,0
Karnataka,2024-07-15,26.7,53.2,8.4,Calm,0,1
Kerala,2024-07-15,25.9,39.1,15.2,Breezy,0,0
Madhya Pradesh,2024-07-15,17.6,61.7,9.2,Calm,0,0
Maharashtra,2024-07-15,23.0,78.6,13.2,Breezy,0,0
Manipur,2024-07-15,24.5,71.8,0.1,Calm,0,0
Meghalaya,2024-07-15,26.6,37.8,4.5,Calm,0,0
Mizoram,2024-07-15,25.6,39.5,11.1,Breezy,0,0
Nagaland,2024-07-15,25.4,68.2,12.8,Breezy,0,1
Odisha,2024-07-15,25.3,48.6,8.2,Calm,0,1
Punjab,2024-07-15,17.2,50.7,14.3,Breezy,0,0
Rajasthan,2024-07-15,27.3,20.2,11.8,Breezy,0,0
Sikkim,2024-07-15,24.7,60.7,5.7,Calm,0,1
Tamil Nadu,2024-07-15,28.6,49.8,3.2,Calm,0,0
Telangana,2024-07-15,26.2,39.1,17.2,Breezy,0,0
Tripura,2024-07-15,28.4,65.6,6.8,Calm,0,0
Uttar Pradesh,2024-07-15,18.4,68.0,11.9,Breezy,0,1
Uttarakhand,2024-07-15,16.0,56.4,1.2,Calm,0,0
West Bengal,2024-07-15,23.9,43.4,17.5,Breezy,0,1
Andaman and Nicobar Islands,2024-07-15,25.0,71.3,9.8,Calm,0,0
Chandigarh,2024-07-15,26.5,60.1,10.7,Breezy,0,1
Dadra and Nagar Haveli and Daman and Diu,2024-07-15,24.4,58.6,5.3,Calm,0,1
Delhi,2024-07-15,20.3,46.5,1.8,Calm,0,0
Jammu and Kashmir,2024-07-15,14.1,76.2,17.1,Breezy,0,0
Ladakh,2024-07-15,13.0,56.6,17.0,Breezy,0,0
Lakshadweep,2024-07-15,21.1,49.6,2.8,Calm,0,0
Puducherry,2024-07-15,23.8,58.1,15.4,Breezy,0,1
Andhra Pradesh,2024-07-22,26.5,70.9,1.6,Calm,0,0
Arunachal Pradesh,2024-07-22,25.9,58.4,8.3,Calm,0,1
Assam,2024-07-22,25.1,38.0,7.1,Calm,0,0
Bihar,2024-07-22,16.0,51.6,6.5,Calm,0,0
Chhattisgarh,2024-07-22,25.4,71.7,7.6,Calm,0,0
Goa,2024-07-22,27.1,36.2,13.3,Breezy,0,0
Gujarat,2024-07-22,31.3,73.3,2.0,Calm,0,0
Haryana,2024-07-22,17.9,56.9,9.7,Calm,0,0
Himachal Pradesh,2024-07-22,14.2,73.7,10.4,Breezy,0,0
Jharkhand,2024-07-22,29.3,28.9,6.8,Calm,0,0
Karnataka,2024-07-22,26.8,46.6,3.3,Calm,0,0
Kerala,2024-07-22,26.6,68.4,5.4,Calm,0,1
Madhya Pradesh,2024-07-22,17.2,72.0,7.3,Calm,0,0
Maharashtra,2024-07-22,28.9,32.4,5.4,Calm,0,0
Manipur,2024-07-22,29.2,71.2,7.2,Calm,0,0
Meghalaya,2024-07-22,25.5,80.1,2.1,Calm,0,0
Mizoram,2024-07-22,22.3,67.4,0.7,Calm,0,0
Nagaland,2024-07-22,25.1,65.4,7.2,Calm,0,1
Odisha,2024-07-22,26.3,36.0,4.6,Calm,0,0
Punjab,2024-07-22,18.2,75.3,21.2,Breezy,0,0
Rajasthan,2024-07-22,29.4,55.0,19.8,Breezy,0,0
Sikkim,2024-07-22,23.9,46.1,5.6,Calm,0,1
Tamil Nadu,2024-07-22,26.5,95.0,4.0,Calm,0,0
Telangana,2024-07-22,25.9,32.1,6.4,Calm,0,0
Tripura,2024-07-22,22.8,64.5,11.1,Breezy,0,1
Uttar Pradesh,2024-07-22,20.0,55.6,6.2,Calm,0,1
Uttarakhand,2024-07-22,12.7,53.1,5.4,Calm,0,0
West Bengal,2024-07-22,30.9,56.8,14.1,Breezy,0,0
Andaman and Nicobar Islands,2024-07-22,23.5,49.2,14.3,Breezy,0,1
Chandigarh,2024-07-22,25.5,75.2,8.5,Calm,0,0
Dadra and Nagar Haveli and Daman and Diu,2024-07-22,24.4,64.3,9.0,Calm,0,1
Delhi,2024-07-22,21.3,62.3,17.2,Breezy,0,1
Jammu and Kashmir,2024-07-22,14.2,55.0,11.2,Breezy,0,0
Ladakh,2024-07-22,13.0,60.6,10.9,Breezy,0,0
Lakshadweep,2024-07-22,29.2,61.5,5.5,Calm,0,0
Puducherry,2024-07-22,22.4,75.2,7.6,Calm,0,0
Andhra Pradesh,2024-07-29,26.3,89.4,3.8,Calm,0,0
Arunachal Pradesh,2024-07-29,25.2,66.5,14.2,Breezy,0,1
Assam,2024-07-29,27.2,63.2,11.9,Breezy,0,1
Bihar,2024-07-29,20.4,69.8,12.7,Breezy,0,1
Chhattisgarh,2024-07-29,22.2,42.4,8.7,Calm,0,1
Goa,2024-07-29,26.1,63.2,7.3,Calm,0,1
Gujarat,2024-07-29,27.4,36.2,18.0,Breezy,0,0
Haryana,2024-07-29,22.7,59.5,18.9,Breezy,0,1
Himachal Pradesh,2024-07-29,13.8,60.4,12.4,Breezy,0,0
Jharkhand,2024-07-29,24.7,54.0,4.7,Calm,0,0
Karnataka,2024-07-29,24.2,78.9,2.0,Calm,0,0
Kerala,2024-07-29,26.5,67.9,6.6,Calm,0,1
Madhya Pradesh,2024-07-29,20.7,46.3,13.7,Breezy,0,1
Maharashtra,2024-07-29,23.8,54.9,13.1,Breezy,0,1
Manipur,2024-07-29,26.0,48.8,1.9,Calm,0,0
Meghalaya,2024-07-29,27.4,57.5,11.3,Breezy,0,1
Mizoram,2024-07-29,27.2,78.3,7.9,Calm,0,0
Nagaland,2024-07-29,24.0,64.5,6.2,Calm,0,1
Odisha,2024-07-29,24.9,63.9,14.5,Breezy,0,1
Punjab,2024-07-29,22.0,64.7,12.0,Breezy,0,1
Rajasthan,2024-07-29,26.9,62.1,0.0,Calm,0,0
Sikkim,2024-07-29,27.6,80.6,6.4,Calm,0,0
Tamil Nadu,2024-07-29,26.4,65.9,5.3,Calm,0,1
Telangana,2024-07-29,23.1,73.7,5.5,Calm,0,0
Tripura,2024-07-29,29.6,77.0,8.8,Calm,0,0
Uttar Pradesh,2024-07-29,20.3,70.6,10.9,Breezy,0,0
Uttarakhand,2024-07-29,12.0,71.2,6.4,Calm,0,0
West Bengal,2024-07-29,30.8,66.7,19.1,Breezy,0,0
Andaman and Nicobar Islands,2024-07-29,22.1,65.3,7.1,Calm,0,1
Chandigarh,2024-07-29,25.6,62.5,8.5,Calm,0,1
Dadra and Nagar Haveli and Daman and Diu,2024-07-29,28.2,73.3,7.8,Calm,0,0
Delhi,2024-07-29,17.5,43.1,8.7,Calm,0,0
Jammu and Kashmir,2024-07-29,11.4,53.9,8.3,Calm,0,0
Ladakh,2024-07-29,12.4,58.6,16.7,Breezy,0,0
Lakshadweep,2024-07-29,29.7,47.9,18.9,Breezy,0,0
Puducherry,2024-07-29,27.0,84.2,6.5,Calm,0,0
Andhra Pradesh,2024-08-05,24.3,55.0,10.3,Breezy,0,1
Arunachal Pradesh,2024-08-05,25.1,55.0,2.7,Calm,0,0
Assam,2024-08-05,24.6,52.8,10.0,Calm,0,1
Bihar,2024-08-05,20.6,62.1,9.2,Calm,0,1
Chhattisgarh,2024-08-05,29.3,43.0,0.0,Calm,0,0
Goa,2024-08-05,23.3,41.6,9.9,Calm,0,1
Gujarat,2024-08-05,28.8,64.4,11.9,Breezy,0,0
Haryana,2024-08-05,19.1,56.4,13.6,Breezy,0,1
Himachal Pradesh,2024-08-05,13.4,58.4,7.5,Calm,0,0
Jharkhand,2024-08-05,25.7,56.4,14.9,Breezy,0,1
Karnataka,2024-08-05,27.1,80.5,12.2,Breezy,0,0
Kerala,2024-08-05,23.2,31.2,0.1,Calm,0,0
Madhya Pradesh,2024-08-05,21.0,48.3,11.8,Breezy,0,1
Maharashtra,2024-08-05,27.2,50.9,14.5,Breezy,0,1
Manipur,2024-08-05,23.5,54.1,13.6,Breezy,0,1
Meghalaya,2024-08-05,29.9,74.1,12.0,Breezy,0,0
Mizoram,2024-08-05,23.8,64.3,5.2,Calm,0,1
Nagaland,2024-08-05,29.5,66.4,11.8,Breezy,0,0
Odisha,2024-08-05,28.0,81.1,18.8,Breezy,0,0
Punjab,2024-08-05,19.1,51.0,7.0,Calm,0,1
Rajasthan,2024-08-05,29.0,40.3,11.0,Breezy,0,0
Sikkim,2024-08-05,27.3,68.5,5.8,Calm,0,1
Tamil Nadu,2024-08-05,21.7,51.9,12.3,Breezy,0,1
Telangana,2024-08-05,25.5,83.0,13.6,Breezy,0,0
Tripura,2024-08-05,25.3,63.7,10.7,Breezy,0,1
Uttar Pradesh,2024-08-05,21.6,67.2,14.6,Breezy,0,1
Uttarakhand,2024-08-05,13.2,63.3,10.0,Calm,0,0
West Bengal,2024-08-05,29.9,66.8,9.3,Calm,0,0
Andaman and Nicobar Islands,2024-08-05,21.5,51.6,0.0,Calm,0,0
Chandigarh,2024-08-05,25.6,59.2,6.9,Calm,0,1
Dadra and Nagar Haveli and Daman and Diu,2024-08-05,27.2,59.9,14.4,Breezy,0,1
Delhi,2024-08-05,17.7,35.3,7.0,Calm,0,0
Jammu and Kashmir,2024-08-05,12.5,50.5,14.8,Breezy,0,0
Ladakh,2024-08-05,14.0,75.3,15.6,Breezy,0,0
Lakshadweep,2024-08-05,25.3,48.6,16.8,Breezy,0,1
Puducherry,2024-08-05,28.0,51.6,8.9,Calm,0,1
Andhra Pradesh,2024-08-12,24.3,70.8,7.2,Calm,0,0
Arunachal Pradesh,2024-08-12,27.3,81.3,14.8,Breezy,0,0
Assam,2024-08-12,26.1,84.1,12.9,Breezy,0,0
Bihar,2024-08-12,20.1,38.1,10.0,Calm,0,0
Chhattisgarh,2024-08-12,28.3,76.2,6.4,Calm,0,0
Goa,2024-08-12,22.0,72.0,5.7,Calm,0,0
Gujarat,2024-08-12,27.4,69.0,8.2,Calm,0,1
Haryana,2024-08-12,22.0,30.4,6.3,Calm,0,0
Himachal Pradesh,2024-08-12,11.8,66.3,17.3,Breezy,0,0
Jharkhand,2024-08-12,27.5,71.3,5.6,Calm,0,0
Karnataka,2024-08-12,26.0,74.3,8.9,Calm,0,0
Kerala,2024-08-12,24.0,53.5,17.2,Breezy,0,1
Madhya Pradesh,2024-08-12,22.6,71.0,6.8,Calm,0,0
Maharashtra,2024-08-12,25.3,40.0,14.1,Breezy,0,1
Manipur,2024-08-12,24.8,23.8,9.9,Calm,0,0
Meghalaya,2024-08-12,23.9,69.3,8.6,Calm,0,1
Mizoram,2024-08-12,28.0,52.6,3.4,Calm,0,0
Nagaland,2024-08-12,24.6,55.7,13.4,Breezy,0,1
Odisha,2024-08-12,26.6,63.7,9.1,Calm,0,1
Punjab,2024-08-12,21.2,62.8,14.5,Breezy,0,1
Rajasthan,2024-08-12,29.5,63.0,11.5,Breezy,0,0
Sikkim,2024-08-12,23.0,51.2,12.5,Breezy,0,1
Tamil Nadu,2024-08-12,25.3,74.2,8.1,Calm,0,0
Telangana,2024-08-12,26.2,62.1,13.8,Breezy,0,1
Tripura,2024-08-12,24.7,56.9,0.1,Calm,0,0
Uttar Pradesh,2024-08-12,20.1,62.1,14.0,Breezy,0,1
Uttarakhand,2024-08-12,12.1,83.4,7.7,Calm,0,0
West Bengal,2024-08-12,28.9,67.9,9.6,Calm,0,0
Andaman and Nicobar Islands,2024-08-12,27.4,75.3,13.3,Breezy,0,0
Chandigarh,2024-08-12,24.1,40.6,4.9,Calm,0,0
Dadra and Nagar Haveli and Daman and Diu,2024-08-12,28.2,71.1,8.7,Calm,0,0
Delhi,2024-08-12,19.3,46.0,5.3,Calm,0,1
Jammu and Kashmir,2024-08-12,12.6,75.5,4.6,Calm,0,0
Ladakh,2024-08-12,13.5,73.0,16.0,Breezy,0,0
Lakshadweep,2024-08-12,23.0,49.6,11.6,Breezy,0,1
Puducherry,2024-08-12,23.2,70.2,5.4,Calm,0,0
Andhra Pradesh,2024-08-19,25.2,79.3,17.9,Breezy,0,0
Arunachal Pradesh,2024-08-19,27.4,68.5,11.2,Breezy,0,1
Assam,2024-08-19,27.5,66.6,6.8,Calm,0,1
Bihar,2024-08-19,17.3,60.9,17.8,Breezy,0,0
Chhattisgarh,2024-08-19,26.2,56.0,0.0,Calm,0,0
Goa,2024-08-19,21.0,92.0,16.6,Breezy,0,0
Gujarat,2024-08-19,32.7,88.7,11.2,Breezy,0,0
Haryana,2024-08-19,22.8,82.1,6.9,Calm,0,0
Himachal Pradesh,2024-08-19,13.4,93.1,0.7,Calm,0,0
Jharkhand,2024-08-19,26.9,56.7,2.3,Calm,0,0
Karnataka,2024-08-19,25.3,65.6,13.9,Breezy,0,1
Kerala,2024-08-19,23.1,87.9,7.8,Calm,0,0
Madhya Pradesh,2024-08-19,18.3,36.0,3.4,Calm,0,0
Maharashtra,2024-08-19,24.1,78.9,0.0,Calm,0,0
Manipur,2024-08-19,26.6,76.1,7.1,Calm,0,0
Meghalaya,2024-08-19,29.2,74.1,16.4,Breezy,0,0
Mizoram,2024-08-19,27.3,50.7,18.2,Breezy,0,1
Nagaland,2024-08-19,24.8,73.3,7.9,Calm,0,0
Odisha,2024-08-19,25.6,65.4,11.9,Breezy,0,1
Punjab,2024-08-19,20.9,66.2,12.2,Breezy,0,1
Rajasthan,2024-08-19,33.1,37.9,11.1,Breezy,0,0
Sikkim,2024-08-19,25.8,76.2,4.9,Calm,0,0
Tamil Nadu,2024-08-19,22.2,66.9,18.0,Breezy,0,1
Telangana,2024-08-19,28.4,51.5,12.9,Breezy,0,0
Tripura,2024-08-19,24.4,77.6,6.8,Calm,0,0
Uttar Pradesh,2024-08-19,22.1,45.0,10.6,Breezy,0,1
Uttarakhand,2024-08-19,11.8,75.2,8.9,Calm,0,0
West Bengal,2024-08-19,28.4,47.5,13.3,Breezy,0,0
Andaman and Nicobar Islands,2024-08-19,22.0,70.3,10.6,Breezy,0,0
Chandigarh,2024-08-19,22.9,55.4,13.1,Breezy,0,1
Dadra and Nagar Haveli and Daman and Diu,2024-08-19,23.2,67.3,11.3,Breezy,0,1
Delhi,2024-08-19,21.2,60.0,7.8,Calm,0,1
Jammu and Kashmir,2024-08-19,14.4,90.8,10.0,Calm,0,0
Ladakh,2024-08-19,10.8,77.9,10.9,Breezy,0,0
Lakshadweep,2024-08-19,24.7,48.2,5.6,Calm,0,1
Puducherry,2024-08-19,24.8,61.1,16.6,Breezy,0,1
Andhra Pradesh,2024-08-26,22.7,56.6,9.0,Calm,0,1
Arunachal Pradesh,2024-08-26,24.7,48.2,9.6,Calm,0,1
Assam,2024-08-26,28.3,47.5,0.3,Calm,0,0
Bihar,2024-08-26,21.5,40.4,14.2,Breezy,0,1
Chhattisgarh,2024-08-26,28.6,48.6,2.7,Calm,0,0
Goa,2024-08-26,22.9,66.1,8.0,Calm,0,1
Gujarat,2024-08-26,29.5,69.9,7.3,Calm,0,0
Haryana,2024-08-26,18.2,71.8,16.2,Breezy,0,0
Himachal Pradesh,2024-08-26,17.3,86.9,12.4,Breezy,0,0
Jharkhand,2024-08-26,30.0,67.2,11.8,Breezy,0,0
Karnataka,2024-08-26,22.6,39.6,5.0,Calm,0,0
Kerala,2024-08-26,20.7,48.0,7.4,Calm,0,1
Madhya Pradesh,2024-08-26,21.3,51.5,7.5,Calm,0,1
Maharashtra,2024-08-26,25.0,42.2,15.9,Breezy,0,1
Manipur,2024-08-26,24.1,58.4,12.6,Breezy,0,1
Meghalaya,2024-08-26,23.8,62.4,5.0,Calm,0,1
Mizoram,2024-08-26,23.2,59.0,11.5,Breezy,0,1
Nagaland,2024-08-26,28.1,63.0,12.6,Breezy,0,0
Odisha,2024-08-26,22.4,77.9,13.4,Breezy,0,0
Punjab,2024-08-26,22.5,79.0,5.7,Calm,0,0
Rajasthan,2024-08-26,29.5,49.1,14.3,Breezy,0,0
Sikkim,2024-08-26,27.0,43.4,16.5,Breezy,0,1
Tamil Nadu,2024-08-26,26.6,53.6,8.1,Calm,0,1
Telangana,2024-08-26,24.4,48.0,8.7,Calm,0,1
Tripura,2024-08-26,27.1,72.2,10.5,Breezy,0,0
Uttar Pradesh,2024-08-26,17.9,75.8,8.5,Calm,0,0
Uttarakhand,2024-08-26,14.6,63.7,5.7,Calm,0,0
West Bengal,2024-08-26,30.4,67.7,12.7,Breezy,0,0
Andaman and Nicobar Islands,2024-08-26,23.8,34.4,5.9,Calm,0,0
Chandigarh,2024-08-26,27.0,42.9,15.8,Breezy,0,1
Dadra and Nagar Haveli and Daman and Diu,2024-08-26,25.5,44.6,10.2,Breezy,0,1
Delhi,2024-08-26,19.0,69.8,7.4,Calm,0,1
Jammu and Kashmir,2024-08-26,10.7,74.5,10.4,Breezy,0,0
Ladakh,2024-08-26,14.6,80.7,13.9,Breezy,0,0
Lakshadweep,2024-08-26,24.1,45.1,4.8,Calm,0,0
Puducherry,2024-08-26,25.2,50.3,15.1,Breezy,0,1
Andhra Pradesh,2024-09-02,28.5,66.7,1.2,Calm,0,0
Arunachal Pradesh,2024-09-02,23.9,41.6,4.6,Calm,0,0
Assam,2024-09-02,29.0,45.2,1.6,Calm,0,0
Bihar,2024-09-02,21.4,45.4,9.3,Calm,0,1
Chhattisgarh,2024-09-02,26.1,55.3,16.8,Breezy,0,1
Goa,2024-09-02,24.3,93.2,16.6,Breezy,0,0
Gujarat,2024-09-02,27.8,87.6,13.0,Breezy,0,0
Haryana,2024-09-02,21.8,38.3,5.6,Calm,0,0
Himachal Pradesh,2024-09-02,12.1,57.6,6.0,Calm,0,0
Jharkhand,2024-09-02,26.4,34.8,7.0,Calm,0,0
Karnataka,2024-09-02,25.1,33.3,14.2,Breezy,0,0
Kerala,2024-09-02,24.4,60.5,0.8,Calm,0,0
Madhya Pradesh,2024-09-02,16.5,72.7,9.7,Calm,0,0
Maharashtra,2024-09-02,28.4,93.6,12.7,Breezy,0,0
Manipur,2024-09-02,24.2,48.0,15.3,Breezy,0,1
Meghalaya,2024-09-02,26.5,63.5,17.1,Breezy,0,1
Mizoram,2024-09-02,24.0,41.7,7.9,Calm,0,1
Nagaland,2024-09-02,25.2,58.2,15.7,Breezy,0,1
Odisha,2024-09-02,23.0,63.6,3.9,Calm,0,0
Punjab,2024-09-02,19.7,53.9,7.6,Calm,0,1
Rajasthan,2024-09-02,27.4,61.6,12.1,Breezy,0,1
Sikkim,2024-09-02,27.6,85.0,3.1,Calm,0,0
Tamil Nadu,2024-09-02,19.4,82.5,6.9,Calm,0,0
Telangana,2024-09-02,25.9,50.9,1.7,Calm,0,0
Tripura,2024-09-02,25.1,56.5,15.4,Breezy,0,1
Uttar Pradesh,2024-09-02,21.5,74.5,8.0,Calm,0,0
Uttarakhand,2024-09-02,12.2,61.0,11.2,Breezy,0,0
West Bengal,2024-09-02,26.4,49.8,5.5,Calm,0,1
Andaman and Nicobar Islands,2024-09-02,24.5,46.5,0.8,Calm,0,0
Chandigarh,2024-09-02,25.4,65.8,1.3,Calm,0,0
Dadra and Nagar Haveli and Daman and Diu,2024-09-02,26.0,59.0,8.9,Calm,0,1
Delhi,2024-09-02,19.2,53.7,12.1,Breezy,0,1
Jammu and Kashmir,2024-09-02,13.0,69.4,9.6,Calm,0,0
Ladakh,2024-09-02,15.7,71.1,12.9,Breezy,0,0
Lakshadweep,2024-09-02,24.4,71.4,5.1,Calm,0,0
Puducherry,2024-09-02,27.6,66.0,0.0,Calm,0,0
Andhra Pradesh,2024-09-09,27.9,59.9,3.4,Calm,0,0
Arunachal Pradesh,2024-09-09,26.1,47.9,6.2,Calm,0,1
Assam,2024-09-09,26.7,63.3,5.6,Calm,0,1
Bihar,2024-09-09,20.5,75.0,5.5,Calm,0,0
Chhattisgarh,2024-09-09,28.0,53.8,13.6,Breezy,0,1
Goa,2024-09-09,23.8,70.5,8.5,Calm,0,0
Gujarat,2024-09-09,32.9,83.9,17.0,Breezy,0,0
Haryana,2024-09-09,23.5,44.6,6.5,Calm,0,1
Himachal Pradesh,2024-09-09,13.0,58.0,7.9,Calm,0,0
Jharkhand,2024-09-09,29.4,43.5,12.8,Breezy,0,0
Karnataka,2024-09-09,27.5,76.8,4.3,Calm,0,0
Kerala,2024-09-09,26.5,53.1,12.4,Breezy,0,1
Madhya Pradesh,2024-09-09,20.9,56.4,9.2,Calm,0,1
Maharashtra,2024-09-09,27.8,62.3,21.4,Breezy,0,0
Manipur,2024-09-09,24.9,74.1,6.2,Calm,0,0
Meghalaya,2024-09-09,29.6,60.0,16.2,Breezy,0,0
Mizoram,2024-09-09,22.4,64.2,8.9,Calm,0,1
Nagaland,2024-09-09,27.0,66.6,18.0,Breezy,0,1
Odisha,2024-09-09,20.9,80.4,0.0,Calm,0,0
Punjab,2024-09-09,19.7,56.8,7.8,Calm,0,1
Rajasthan,2024-09-09,32.5,25.4,16.6,Breezy,0,0
Sikkim,2024-09-09,27.2,60.4,11.9,Breezy,0,1
Tamil Nadu,2024-09-09,23.4,30.1,2.8,Calm,0,0
Telangana,2024-09-09,27.2,77.4,10.1,Breezy,0,0
Tripura,2024-09-09,26.5,54.0,10.9,Breezy,0,1
Uttar Pradesh,2024-09-09,19.8,56.6,13.1,Breezy,0,1
Uttarakhand,2024-09-09,15.8,56.0,16.2,Breezy,0,0
West Bengal,2024-09-09,25.3,37.8,12.4,Breezy,0,0
Andaman and Nicobar Islands,2024-09-09,27.2,80.6,9.4,Calm,0,0
Chandigarh,2024-09-09,24.3,56.2,12.0,Breezy,0,1
Dadra and Nagar Haveli and Daman and Diu,2024-09-09,26.0,59.6,16.6,Breezy,0,1
Delhi,2024-09-09,19.7,78.6,10.8,Breezy,0,0
Jammu and Kashmir,2024-09-09,14.9,80.7,5.2,Calm,0,0
Ladakh,2024-09-09,11.5,53.7,11.8,Breezy,0,0
Lakshadweep,2024-09-09,25.2,75.0,17.4,Breezy,0,0
Puducherry,2024-09-09,23.4,45.1,5.4,Calm,0,1
Andhra Pradesh,2024-09-16,23.3,65.9,8.0,Calm,0,1
Arunachal Pradesh,2024-09-16,23.8,50.9,26.2,Windy,0,0
Assam,2024-09-16,25.3,68.9,5.8,Calm,0,1
Bihar,2024-09-16,20.3,62.3,4.3,Calm,0,0
Chhattisgarh,2024-09-16,24.4,54.7,20.6,Breezy,0,0
Goa,2024-09-16,27.0,41.5,14.7,Breezy,0,1
Gujarat,2024-09-16,29.6,69.6,12.8,Breezy,0,0
Haryana,2024-09-16,21.8,55.0,6.4,Calm,0,1
Himachal Pradesh,2024-09-16,14.6,76.0,3.1,Calm,0,0
Jharkhand,2024-09-16,26.4,37.0,15.6,Breezy,0,0
Karnataka,2024-09-16,25.3,56.2,14.2,Breezy,0,1
Kerala,2024-09-16,26.4,73.6,8.8,Calm,0,0
Madhya Pradesh,2024-09-16,22.0,44.8,7.8,Calm,0,1
Maharashtra,2024-09-16,27.1,47.8,12.8,Breezy,0,1
Manipur,2024-09-16,26.4,57.3,11.1,Breezy,0,1
Meghalaya,2024-09-16,25.7,67.9,15.4,Breezy,0,1
Mizoram,2024-09-16,25.2,58.4,12.5,Breezy,0,1
Nagaland,2024-09-16,27.0,54.1,21.2,Breezy,0,0
Odisha,2024-09-16,27.6,67.6,10.2,Breezy,0,1
Punjab,2024-09-16,19.6,63.7,4.7,Calm,0,0
Rajasthan,2024-09-16,27.2,66.9,9.5,Calm,0,1
Sikkim,2024-09-16,26.5,95.0,4.6,Calm,0,0
Tamil Nadu,2024-09-16,25.8,74.7,9.3,Calm,0,0
Telangana,2024-09-16,24.4,50.7,16.0,Breezy,0,1
Tripura,2024-09-16,28.7,38.9,11.7,Breezy,0,0
Uttar Pradesh,2024-09-16,18.5,44.8,6.7,Calm,0,1
Uttarakhand,2024-09-16,17.2,44.1,4.8,Calm,0,0
West Bengal,2024-09-16,21.6,77.4,0.0,Calm,0,0
Andaman and Nicobar Islands,2024-09-16,24.3,69.5,0.0,Calm,0,0
Chandigarh,2024-09-16,23.0,44.2,9.1,Calm,0,1
Dadra and Nagar Haveli and Daman and Diu,2024-09-16,29.4,89.2,11.1,Breezy,0,0
Delhi,2024-09-16,20.1,34.7,16.2,Breezy,0,0
Jammu and Kashmir,2024-09-16,14.2,56.8,4.5,Calm,0,0
Ladakh,2024-09-16,13.4,64.5,10.6,Breezy,0,0
Lakshadweep,2024-09-16,25.8,77.3,16.9,Breezy,0,0
Puducherry,2024-09-16,24.3,60.9,10.4,Breezy,0,1
Andhra Pradesh,2024-09-23,24.8,80.5,11.0,Breezy,0,0
Arunachal Pradesh,2024-09-23,26.5,65.6,2.5,Calm,0,0
Assam,2024-09-23,25.0,53.9,5.2,Calm,0,1
Bihar,2024-09-23,22.7,76.1,9.9,Calm,0,0
Chhattisgarh,2024-09-23,23.4,69.7,5.5,Calm,0,1
Goa,2024-09-23,25.7,33.6,6.8,Calm,0,0
Gujarat,2024-09-23,29.8,61.8,14.8,Breezy,0,0
Haryana,2024-09-23,18.0,71.7,11.0,Breezy,0,0
Himachal Pradesh,2024-09-23,13.5,66.1,20.6,Breezy,0,0
Jharkhand,2024-09-23,29.2,66.8,11.3,Breezy,0,0
Karnataka,2024-09-23,27.4,42.0,0.0,Calm,0,0
Kerala,2024-09-23,26.6,49.9,9.6,Calm,0,1
Madhya Pradesh,2024-09-23,18.3,39.6,8.4,Calm,0,0
Maharashtra,2024-09-23,26.0,67.9,3.9,Calm,0,0
Manipur,2024-09-23,26.1,54.4,17.9,Breezy,0,1
Meghalaya,2024-09-23,22.7,75.6,0.0,Calm,0,0
Mizoram,2024-09-23,28.9,39.8,2.8,Calm,0,0
Nagaland,2024-09-23,24.7,45.7,14.6,Breezy,0,1
Odisha,2024-09-23,24.0,67.0,15.9,Breezy,0,1
Punjab,2024-09-23,17.5,67.7,18.5,Breezy,0,0
Rajasthan,2024-09-23,28.8,56.8,7.6,Calm,0,0
Sikkim,2024-09-23,26.6,47.4,14.4,Breezy,0,1
Tamil Nadu,2024-09-23,25.4,37.4,12.4,Breezy,0,0
Telangana,2024-09-23,24.5,72.8,15.2,Breezy,0,0
Tripura,2024-09-23,26.7,39.7,13.0,Breezy,0,0
Uttar Pradesh,2024-09-23,19.7,43.0,16.7,Breezy,0,1
Uttarakhand,2024-09-23,12.9,44.4,10.7,Breezy,0,0
West Bengal,2024-09-23,26.0,58.4,3.4,Calm,0,0
Andaman and Nicobar Islands,2024-09-23,21.6,71.5,2.3,Calm,0,0
Chandigarh,2024-09-23,24.5,61.6,8.4,Calm,0,1
Dadra and Nagar Haveli and Daman and Diu,2024-09-23,26.1,90.4,5.5,Calm,0,0
Delhi,2024-09-23,21.9,77.7,8.7,Calm,0,0
Jammu and Kashmir,2024-09-23,9.3,79.3,8.2,Calm,0,0
Ladakh,2024-09-23,11.3,75.6,0.0,Calm,0,0
Lakshadweep,2024-09-23,25.4,63.7,11.7,Breezy,0,1
Puducherry,2024-09-23,23.9,67.3,9.0,Calm,0,1
Andhra Pradesh,2024-09-30,25.7,49.0,7.7,Calm,0,1
Arunachal Pradesh,2024-09-30,26.8,49.6,11.2,Breezy,0,1
Assam,2024-09-30,26.0,38.8,10.8,Breezy,0,0
Bihar,2024-09-30,13.5,56.7,5.1,Calm,0,0
Chhattisgarh,2024-09-30,26.1,75.6,9.9,Calm,0,0
Goa,2024-09-30,27.4,44.5,12.6,Breezy,0,1
Gujarat,2024-09-30,31.0,45.1,6.5,Calm,0,0
Haryana,2024-09-30,18.1,48.1,7.7,Calm,0,1
Himachal Pradesh,2024-09-30,12.7,69.8,9.9,Calm,0,0
Jharkhand,2024-09-30,26.2,53.7,12.5,Breezy,0,1
Karnataka,2024-09-30,27.3,64.0,9.7,Calm,0,1
Kerala,2024-09-30,24.4,86.9,8.7,Calm,0,0
Madhya Pradesh,2024-09-30,20.3,57.8,12.2,Breezy,0,1
Maharashtra,2024-09-30,25.0,50.1,10.2,Breezy,0,1
Manipur,2024-09-30,26.7,78.9,13.1,Breezy,0,0
Meghalaya,2024-09-30,25.2,66.0,10.7,Breezy,0,1
Mizoram,2024-09-30,27.3,80.8,18.6,Breezy,0,0
Nagaland,2024-09-30,26.1,63.0,10.9,Breezy,0,1
Odisha,2024-09-30,21.7,73.3,14.4,Breezy,0,0
Punjab,2024-09-30,18.2,62.9,23.4,Breezy,0,0
Rajasthan,2024-09-30,28.9,49.8,1.9,Calm,0,0
Sikkim,2024-09-30,25.3,77.0,16.4,Breezy,0,0
Tamil Nadu,2024-09-30,23.4,72.1,15.6,Breezy,0,0
Telangana,2024-09-30,28.0,79.3,12.8,Breezy,0,0
Tripura,2024-09-30,28.1,48.9,3.6,Calm,0,0
Uttar Pradesh,2024-09-30,17.2,87.2,10.0,Calm,0,0
Uttarakhand,2024-09-30,12.1,87.9,15.5,Breezy,0,0
West Bengal,2024-09-30,26.3,64.3,10.8,Breezy,0,1
Andaman and Nicobar Islands,2024-09-30,26.9,75.7,6.2,Calm,0,0
Chandigarh,2024-09-30,24.6,62.9,12.2,Breezy,0,1
Dadra and Nagar Haveli and Daman and Diu,2024-09-30,21.3,64.0,14.0,Breezy,0,1
Delhi,2024-09-30,18.9,60.6,16.1,Breezy,0,1
Jammu and Kashmir,2024-09-30,11.8,68.7,5.0,Calm,0,0
Ladakh,2024-09-30,12.5,45.3,5.6,Calm,0,0
Lakshadweep,2024-09-30,23.1,45.8,3.1,Calm,0,0
Puducherry,2024-09-30,24.8,83.8,6.9,Calm,0,0
Andhra Pradesh,2024-10-07,32.1,30.2,8.5,Calm,0,0
Arunachal Pradesh,2024-10-07,29.7,68.6,0.0,Calm,0,0
Assam,2024-10-07,25.2,65.3,6.7,Calm,0,1
Bihar,2024-10-07,25.9,95.0,15.4,Breezy,0,0
Chhattisgarh,2024-10-07,32.0,57.0,2.7,Calm,0,0
Goa,2024-10-07,30.3,74.6,4.9,Calm,0,0
Gujarat,2024-10-07,32.3,56.3,14.0,Breezy,0,0
Haryana,2024-10-07,21.7,70.4,15.9,Breezy,0,0
Himachal Pradesh,2024-10-07,18.8,67.9,13.3,Breezy,0,1
Jharkhand,2024-10-07,26.7,32.1,3.6,Calm,0,0
Karnataka,2024-10-07,31.8,72.0,13.8,Breezy,0,0
Kerala,2024-10-07,27.9,76.7,13.3,Breezy,0,0
Madhya Pradesh,2024-10-07,23.5,65.9,8.4,Calm,0,1
Maharashtra,2024-10-07,30.8,50.7,5.8,Calm,0,0
Manipur,2024-10-07,27.2,40.7,11.4,Breezy,0,1
Meghalaya,2024-10-07,27.8,68.5,13.6,Breezy,0,1
Mizoram,2024-10-07,26.7,59.1,7.0,Calm,0,1
Nagaland,2024-10-07,28.5,28.8,15.1,Breezy,0,0
Odisha,2024-10-07,28.4,53.9,6.8,Calm,0,0
Punjab,2024-10-07,24.5,51.4,10.4,Breezy,0,1
Rajasthan,2024-10-07,31.5,91.5,12.2,Breezy,0,0
Sikkim,2024-10-07,30.8,36.5,0.0,Calm,0,0
Tamil Nadu,2024-10-07,26.0,77.7,5.3,Calm,0,0
Telangana,2024-10-07,30.1,78.1,16.0,Breezy,0,0
Tripura,2024-10-07,30.0,66.5,5.9,Calm,0,0
Uttar Pradesh,2024-10-07,25.3,73.4,16.7,Breezy,0,0
Uttarakhand,2024-10-07,16.1,65.5,0.5,Calm,0,0
West Bengal,2024-10-07,29.0,47.7,15.4,Breezy,0,0
Andaman and Nicobar Islands,2024-10-07,27.7,77.8,9.0,Calm,0,0
Chandigarh,2024-10-07,27.1,52.2,8.7,Calm,0,1
Dadra and Nagar Haveli and Daman and Diu,2024-10-07,27.6,49.3,15.0,Breezy,0,1
Delhi,2024-10-07,23.4,62.4,11.2,Breezy,0,1
Jammu and Kashmir,2024-10-07,14.5,43.7,20.3,Breezy,0,0
Ladakh,2024-10-07,14.1,36.0,3.7,Calm,0,0
Lakshadweep,2024-10-07,30.0,62.9,9.9,Calm,0,0
Puducherry,2024-10-07,28.9,90.3,7.8,Calm,0,0
Andhra Pradesh,2024-10-14,29.0,59.6,10.2,Breezy,0,0
Arunachal Pradesh,2024-10-14,31.2,80.9,10.0,Calm,0,0
Assam,2024-10-14,28.0,78.3,10.6,Breezy,0,0
Bihar,2024-10-14,23.2,58.1,17.7,Breezy,0,1
Chhattisgarh,2024-10-14,28.2,78.0,7.7,Calm,0,0
Goa,2024-10-14,29.1,79.2,12.5,Breezy,0,0
Gujarat,2024-10-14,32.2,79.3,5.3,Calm,0,0
Haryana,2024-10-14,27.7,76.6,13.4,Breezy,0,0
Himachal Pradesh,2024-10-14,18.9,82.2,3.3,Calm,0,0
Jharkhand,2024-10-14,29.2,75.1,6.1,Calm,0,0
Karnataka,2024-10-14,27.6,49.1,11.5,Breezy,0,1
Kerala,2024-10-14,24.4,31.4,15.2,Breezy,0,0
Madhya Pradesh,2024-10-14,26.6,65.9,8.7,Calm,0,1
Maharashtra,2024-10-14,27.1,43.1,7.3,Calm,0,1
Manipur,2024-10-14,27.6,40.3,12.7,Breezy,0,1
Meghalaya,2024-10-14,32.8,30.1,13.2,Breezy,0,0
Mizoram,2024-10-14,27.2,69.5,11.2,Breezy,0,1
Nagaland,2024-10-14,27.7,63.5,10.9,Breezy,0,1
Odisha,2024-10-14,29.2,66.0,2.5,Calm,0,0
Punjab,2024-10-14,23.6,40.4,4.0,Calm,0,0
Rajasthan,2024-10-14,31.2,42.9,7.7,Calm,0,0
Sikkim,2024-10-14,29.1,46.7,13.3,Breezy,0,0
Tamil Nadu,2024-10-14,27.6,79.9,5.6,Calm,0,0
Telangana,2024-10-14,29.8,58.3,12.7,Breezy,0,0
Tripura,2024-10-14,28.2,58.3,17.0,Breezy,0,0
Uttar Pradesh,2024-10-14,24.3,51.3,4.8,Calm,0,0
Uttarakhand,2024-10-14,14.8,78.1,13.2,Breezy,0,0
West Bengal,2024-10-14,30.2,77.1,7.7,Calm,0,0
Andaman and Nicobar Islands,2024-10-14,25.4,60.9,5.4,Calm,0,1
Chandigarh,2024-10-14,27.2,64.8,7.3,Calm,0,1
Dadra and Nagar Haveli and Daman and Diu,2024-10-14,30.0,73.9,9.6,Calm,0,0
Delhi,2024-10-14,22.3,41.9,6.9,Calm,0,1
Jammu and Kashmir,2024-10-14,19.3,34.2,0.0,Calm,0,0
Ladakh,2024-10-14,18.4,54.8,4.8,Calm,0,0
Lakshadweep,2024-10-14,26.1,58.1,5.6,Calm,0,1
Puducherry,2024-10-14,29.7,68.2,11.9,Breezy,0,0
Andhra Pradesh,2024-10-21,29.0,95.0,12.4,Breezy,0,0
Arunachal Pradesh,2024-10-21,29.3,44.0,15.2,Breezy,0,0
Assam,2024-10-21,31.3,55.3,12.1,Breezy,0,0
Bihar,2024-10-21,24.0,29.5,7.9,Calm,0,0
Chhattisgarh,2024-10-21,28.9,63.5,4.4,Calm,0,0
Goa,2024-10-21,29.7,47.2,8.8,Calm,0,0
Gujarat,2024-10-21,32.1,64.3,13.3,Breezy,0,0
Haryana,2024-10-21,24.0,87.7,4.1,Calm,0,0
Himachal Pradesh,2024-10-21,16.1,74.3,20.3,Breezy,0,0
Jharkhand,2024-10-21,26.4,55.9,13.2,Breezy,0,1
Karnataka,2024-10-21,29.3,52.7,9.4,Calm,0,0
Kerala,2024-10-21,23.2,51.9,16.0,Breezy,0,1
Madhya Pradesh,2024-10-21,20.1,71.1,13.0,Breezy,0,0
Maharashtra,2024-10-21,27.3,69.6,11.5,Breezy,0,1
Manipur,2024-10-21,29.8,72.5,9.5,Calm,0,0
Meghalaya,2024-10-21,26.6,62.5,5.7,Calm,0,1
Mizoram,2024-10-21,29.1,63.4,6.6,Calm,0,0
Nagaland,2024-10-21,31.1,42.9,1.0,Calm,0,0
Odisha,2024-10-21,28.9,34.7,18.7,Breezy,0,0
Punjab,2024-10-21,23.6,61.4,8.0,Calm,0,1
Rajasthan,2024-10-21,32.8,26.9,0.6,Calm,0,0
Sikkim,2024-10-21,29.1,53.1,4.4,Calm,0,0
Tamil Nadu,2024-10-21,25.2,88.3,18.5,Breezy,0,0
Telangana,2024-10-21,27.8,60.2,5.0,Calm,0,1
Tripura,2024-10-21,25.9,40.2,2.0,Calm,0,0
Uttar Pradesh,2024-10-21,23.7,69.7,16.9,Breezy,0,1
Uttarakhand,2024-10-21,15.3,54.0,4.8,Calm,0,0
West Bengal,2024-10-21,26.4,56.0,7.4,Calm,0,1
Andaman and Nicobar Islands,2024-10-21,28.0,60.9,7.2,Calm,0,1
Chandigarh,2024-10-21,28.2,45.6,8.8,Calm,0,0
Dadra and Nagar Haveli and Daman and Diu,2024-10-21,28.6,65.2,21.6,Breezy,0,0
Delhi,2024-10-21,22.2,95.0,13.4,Breezy,0,0
Jammu and Kashmir,2024-10-21,17.5,32.9,11.0,Breezy,0,0
Ladakh,2024-10-21,16.9,77.7,15.3,Breezy,0,0
Lakshadweep,2024-10-21,28.9,47.8,16.7,Breezy,0,0
Puducherry,2024-10-21,29.3,75.6,3.7,Calm,0,0
Andhra Pradesh,2024-10-28,28.5,60.4,3.8,Calm,0,0
Arunachal Pradesh,2024-10-28,31.6,51.5,7.4,Calm,0,0
Assam,2024-10-28,28.7,20.0,12.7,Breezy,0,0
Bihar,2024-10-28,23.3,67.2,6.7,Calm,0,1
Chhattisgarh,2024-10-28,27.2,52.3,13.1,Breezy,0,1
Goa,2024-10-28,29.6,56.8,4.0,Calm,0,0
Gujarat,2024-10-28,34.6,80.0,3.7,Calm,0,0
Haryana,2024-10-28,23.5,78.2,10.4,Breezy,0,0
Himachal Pradesh,2024-10-28,12.9,73.7,14.5,Breezy,0,0
Jharkhand,2024-10-28,26.4,54.9,22.4,Breezy,0,0
Karnataka,2024-10-28,28.4,72.6,11.8,Breezy,0,0
Kerala,2024-10-28,27.6,63.0,5.9,Calm,0,1
Madhya Pradesh,2024-10-28,22.2,64.9,2.6,Calm,0,0
Maharashtra,2024-10-28,27.9,68.7,2.0,Calm,0,0
Manipur,2024-10-28,28.2,83.3,7.3,Calm,0,0
Meghalaya,2024-10-28,29.9,88.0,6.9,Calm,0,0
Mizoram,2024-10-28,28.0,60.6,1.2,Calm,0,0
Nagaland,2024-10-28,30.3,32.3,15.6,Breezy,0,0
Odisha,2024-10-28,29.6,38.3,5.2,Calm,0,0
Punjab,2024-10-28,22.6,65.9,11.9,Breezy,0,1
Rajasthan,2024-10-28,29.1,52.5,3.8,Calm,0,0
Sikkim,2024-10-28,28.9,66.9,18.3,Breezy,0,0
Tamil Nadu,2024-10-28,26.5,50.0,7.0,Calm,0,1
Telangana,2024-10-28,31.5,34.1,12.9,Breezy,0,0
Tripura,2024-10-28,29.6,50.8,3.2,Calm,0,0
Uttar Pradesh,2024-10-28,21.4,25.6,8.0,Calm,0,0
Uttarakhand,2024-10-28,19.7,71.1,9.4,Calm,0,0
West Bengal,2024-10-28,31.9,49.3,8.0,Calm,0,0
Andaman and Nicobar Islands,2024-10-28,26.9,68.6,17.0,Breezy,0,1
Chandigarh,2024-10-28,27.8,55.6,14.3,Breezy,0,1
Dadra and Nagar Haveli and Daman and Diu,2024-10-28,28.7,59.7,6.8,Calm,0,0
Delhi,2024-10-28,26.0,69.3,10.4,Breezy,0,1
Jammu and Kashmir,2024-10-28,15.6,56.5,10.7,Breezy,0,0
Ladakh,2024-10-28,15.1,62.4,10.4,Breezy,0,0
Lakshadweep,2024-10-28,28.9,91.6,10.6,Breezy,0,0
Puducherry,2024-10-28,29.3,54.4,11.2,Breezy,0,0
Andhra Pradesh,2024-11-04,29.6,55.3,8.9,Calm,0,0
Arunachal Pradesh,2024-11-04,28.6,89.1,6.6,Calm,0,0
Assam,2024-11-04,27.3,32.3,12.9,Breezy,0,0
Bihar,2024-11-04,25.9,52.2,14.4,Breezy,0,1
Chhattisgarh,2024-11-04,26.7,22.1,14.3,Breezy,0,0
Goa,2024-11-04,26.4,68.3,10.5,Breezy,0,1
Gujarat,2024-11-04,28.7,72.7,7.0,Calm,0,0
Haryana,2024-11-04,19.4,53.5,10.2,Breezy,0,1
Himachal Pradesh,2024-11-04,17.5,60.2,6.2,Calm,0,0
Jharkhand,2024-11-04,30.6,51.3,11.7,Breezy,0,0
Karnataka,2024-11-04,30.6,54.0,15.6,Breezy,0,0
Kerala,2024-11-04,25.9,66.1,19.7,Breezy,0,1
Madhya Pradesh,2024-11-04,21.9,76.4,9.7,Calm,0,0
Maharashtra,2024-11-04,32.5,66.8,15.1,Breezy,0,0
Manipur,2024-11-04,32.3,61.7,14.4,Breezy,0,0
Meghalaya,2024-11-04,27.9,70.1,13.2,Breezy,0,0
Mizoram,2024-11-04,29.2,72.7,4.2,Calm,0,0
Nagaland,2024-11-04,27.1,53.2,6.8,Calm,0,1
Odisha,2024-11-04,26.6,59.4,20.0,Breezy,0,1
Punjab,2024-11-04,21.1,68.1,7.1,Calm,0,1
Rajasthan,2024-11-04,32.6,62.3,15.6,Breezy,0,0
Sikkim,2024-11-04,30.0,25.9,9.3,Calm,0,0
Tamil Nadu,2024-11-04,28.4,85.1,12.6,Breezy,0,0
Telangana,2024-11-04,27.2,95.0,0.0,Calm,0,0
Tripura,2024-11-04,30.5,52.0,2.7,Calm,0,0
Uttar Pradesh,2024-11-04,21.8,49.7,8.5,Calm,0,1
Uttarakhand,2024-11-04,15.4,73.3,10.7,Breezy,0,0
West Bengal,2024-11-04,31.1,52.5,13.8,Breezy,0,0
Andaman and Nicobar Islands,2024-11-04,27.2,41.4,19.8,Breezy,0,1
Chandigarh,2024-11-04,26.7,67.1,4.4,Calm,0,0
Dadra and Nagar Haveli and Daman and Diu,2024-11-04,29.6,65.9,13.2,Breezy,0,0
Delhi,2024-11-04,22.2,72.6,7.9,Calm,0,0
Jammu and Kashmir,2024-11-04,13.9,89.9,12.5,Breezy,0,0
Ladakh,2024-11-04,16.2,54.6,7.8,Calm,0,0
Lakshadweep,2024-11-04,27.7,62.2,20.0,Breezy,0,1
Puducherry,2024-11-04,28.6,87.1,13.3,Breezy,0,0
Andhra Pradesh,2024-11-11,27.5,66.9,13.8,Breezy,0,1
Arunachal Pradesh,2024-11-11,28.7,43.0,6.9,Calm,0,0
Assam,2024-11-11,27.4,69.0,4.0,Calm,0,0
Bihar,2024-11-11,23.7,44.0,3.9,Calm,0,0
Chhattisgarh,2024-11-11,27.6,69.6,5.4,Calm,0,1
Goa,2024-11-11,28.7,78.8,15.9,Breezy,0,0
Gujarat,2024-11-11,31.8,84.2,0.0,Calm,0,0
Haryana,2024-11-11,25.4,43.5,13.5,Breezy,0,1
Himachal Pradesh,2024-11-11,17.5,57.4,9.4,Calm,0,0
Jharkhand,2024-11-11,29.5,54.8,13.7,Breezy,0,0
Karnataka,2024-11-11,28.3,57.1,10.1,Breezy,0,0
Kerala,2024-11-11,30.3,71.9,11.1,Breezy,0,0
Madhya Pradesh,2024-11-11,24.1,48.9,15.3,Breezy,0,1
Maharashtra,2024-11-11,28.2,29.8,12.8,Breezy,0,0
Manipur,2024-11-11,32.2,32.3,5.4,Calm,0,0
Meghalaya,2024-11-11,27.2,52.3,13.7,Breezy,0,1
Mizoram,2024-11-11,30.6,49.7,10.3,Breezy,0,0
Nagaland,2024-11-11,27.0,71.3,2.8,Calm,0,0
Odisha,2024-11-11,28.9,60.8,1.8,Calm,0,0
Punjab,2024-11-11,22.8,78.6,16.5,Breezy,0,0
Rajasthan,2024-11-11,36.2,53.3,4.9,Calm,1,0
Sikkim,2024-11-11,29.9,56.8,4.1,Calm,0,0
Tamil Nadu,2024-11-11,24.1,60.3,7.7,Calm,0,1
Telangana,2024-11-11,31.4,52.3,2.6,Calm,0,0
Tripura,2024-11-11,27.5,56.2,2.5,Calm,0,0
Uttar Pradesh,2024-11-11,21.9,35.0,14.9,Breezy,0,0
Uttarakhand,2024-11-11,18.0,79.2,8.0,Calm,0,0
West Bengal,2024-11-11,27.9,75.0,9.6,Calm,0,0
Andaman and Nicobar Islands,2024-11-11,29.2,71.2,7.9,Calm,0,0
Chandigarh,2024-11-11,28.6,43.2,11.2,Breezy,0,0
Dadra and Nagar Haveli and Daman and Diu,2024-11-11,30.2,59.7,0.4,Calm,0,0
Delhi,2024-11-11,21.6,74.0,6.5,Calm,0,0
Jammu and Kashmir,2024-11-11,18.8,61.6,2.3,Calm,0,0
Ladakh,2024-11-11,18.0,34.1,10.0,Calm,0,0
Lakshadweep,2024-11-11,30.1,84.7,7.5,Calm,0,0
Puducherry,2024-11-11,31.8,48.9,9.7,Calm,0,0
Andhra Pradesh,2024-11-18,27.4,50.2,14.4,Breezy,0,1
Arunachal Pradesh,2024-11-18,30.3,54.4,10.0,Calm,0,0
Assam,2024-11-18,27.9,63.6,0.4,Calm,0,0
Bihar,2024-11-18,25.1,43.4,4.6,Calm,0,0
Chhattisgarh,2024-11-18,28.3,85.8,5.2,Calm,0,0
Goa,2024-11-18,30.0,63.6,6.7,Calm,0,0
Gujarat,2024-11-18,32.6,38.1,12.8,Breezy,0,0
Haryana,2024-11-18,26.2,55.6,5.8,Calm,0,1
Himachal Pradesh,2024-11-18,19.0,47.3,2.0,Calm,0,0
Jharkhand,2024-11-18,26.0,46.5,9.4,Calm,0,1
Karnataka,2024-11-18,26.8,51.6,11.1,Breezy,0,1
Kerala,2024-11-18,27.4,39.6,10.1,Breezy,0,0
Madhya Pradesh,2024-11-18,20.4,43.4,9.9,Calm,0,1
Maharashtra,2024-11-18,28.9,92.8,2.1,Calm,0,0
Manipur,2024-11-18,28.5,60.7,14.5,Breezy,0,0
Meghalaya,2024-11-18,30.7,74.3,9.4,Calm,0,0
Mizoram,2024-11-18,29.0,33.4,12.4,Breezy,0,0
Nagaland,2024-11-18,28.2,66.4,9.5,Calm,0,0
Odisha,2024-11-18,29.8,63.3,17.1,Breezy,0,0
Punjab,2024-11-18,22.4,41.2,8.8,Calm,0,1
Rajasthan,2024-11-18,33.8,63.3,14.7,Breezy,0,0
Sikkim,2024-11-18,31.1,73.3,4.8,Calm,0,0
Tamil Nadu,2024-11-18,28.4,35.1,1.0,Calm,0,0
Telangana,2024-11-18,31.5,52.2,6.9,Calm,0,0
Tripura,2024-11-18,30.5,47.3,2.7,Calm,0,0
Uttar Pradesh,2024-11-18,26.3,55.7,9.0,Calm,0,1
Uttarakhand,2024-11-18,14.9,68.4,10.0,Calm,0,0
West Bengal,2024-11-18,30.6,36.3,6.7,Calm,0,0
Andaman and Nicobar Islands,2024-11-18,31.0,86.6,14.3,Breezy,0,0
Chandigarh,2024-11-18,30.2,61.4,10.0,Calm,0,0
Dadra and Nagar Haveli and Daman and Diu,2024-11-18,26.3,33.9,23.6,Breezy,0,0
Delhi,2024-11-18,23.1,76.2,3.6,Calm,0,0
Jammu and Kashmir,2024-11-18,16.9,43.2,1.7,Calm,0,0
Ladakh,2024-11-18,14.4,37.0,7.3,Calm,0,0
Lakshadweep,2024-11-18,27.9,78.3,6.8,Calm,0,0
Puducherry,2024-11-18,27.3,78.6,8.9,Calm,0,0
Andhra Pradesh,2024-11-25,26.8,74.2,9.4,Calm,0,0
Arunachal Pradesh,2024-11-25,26.3,72.7,13.5,Breezy,0,0
Assam,2024-11-25,28.9,60.0,12.1,Breezy,0,0
Bihar,2024-11-25,24.2,69.4,19.9,Breezy,0,1
Chhattisgarh,2024-11-25,28.9,45.8,10.0,Calm,0,0
Goa,2024-11-25,29.5,75.8,6.2,Calm,0,0
Gujarat,2024-11-25,32.1,84.1,10.0,Calm,0,0
Haryana,2024-11-25,23.8,65.6,8.8,Calm,0,1
Himachal Pradesh,2024-11-25,17.8,76.8,8.2,Calm,0,0
Jharkhand,2024-11-25,30.5,39.1,12.8,Breezy,0,0
Karnataka,2024-11-25,34.2,76.7,2.0,Calm,0,0
Kerala,2024-11-25,26.8,49.8,5.0,Calm,0,1
Madhya Pradesh,2024-11-25,23.5,47.1,7.0,Calm,0,1
Maharashtra,2024-11-25,28.5,43.5,12.5,Breezy,0,0
Manipur,2024-11-25,30.6,66.1,9.4,Calm,0,0
Meghalaya,2024-11-25,30.8,50.6,0.2,Calm,0,0
Mizoram,2024-11-25,27.5,87.4,13.5,Breezy,0,0
Nagaland,2024-11-25,29.9,61.4,4.3,Calm,0,0
Odisha,2024-11-25,30.1,85.8,0.0,Calm,0,0
Punjab,2024-11-25,19.1,37.9,9.8,Calm,0,0
Rajasthan,2024-11-25,37.2,82.7,13.6,Breezy,1,0
Sikkim,2024-11-25,27.6,56.2,9.0,Calm,0,1
Tamil Nadu,2024-11-25,32.2,44.8,13.7,Breezy,0,0
Telangana,2024-11-25,29.5,51.8,14.1,Breezy,0,0
Tripura,2024-11-25,32.0,88.7,13.1,Breezy,0,0
Uttar Pradesh,2024-11-25,20.7,90.9,6.4,Calm,0,0
Uttarakhand,2024-11-25,17.4,57.2,4.8,Calm,0,0
West Bengal,2024-11-25,27.7,66.6,3.3,Calm,0,0
Andaman and Nicobar Islands,2024-11-25,28.3,35.9,8.8,Calm,0,0
Chandigarh,2024-11-25,28.4,58.6,26.8,Windy,0,0
Dadra and Nagar Haveli and Daman and Diu,2024-11-25,30.6,59.1,16.6,Breezy,0,0
Delhi,2024-11-25,22.2,59.1,12.6,Breezy,0,1
Jammu and Kashmir,2024-11-25,18.2,55.4,8.1,Calm,0,1
Ladakh,2024-11-25,15.8,55.1,8.7,Calm,0,0
Lakshadweep,2024-11-25,31.5,84.0,10.0,Calm,0,0
Puducherry,2024-11-25,28.3,88.5,11.5,Breezy,0,0
Andhra Pradesh,2024-12-02,24.9,58.6,15.4,Breezy,0,1
Arunachal Pradesh,2024-12-02,22.8,37.2,10.7,Breezy,0,0
Assam,2024-12-02,24.1,33.6,17.4,Breezy,0,0
Bihar,2024-12-02,16.2,86.0,12.4,Breezy,0,0
Chhattisgarh,2024-12-02,19.2,63.7,16.4,Breezy,0,1
Goa,2024-12-02,21.8,63.3,7.2,Calm,0,1
Gujarat,2024-12-02,24.1,52.4,16.6,Breezy,0,1
Haryana,2024-12-02,19.8,55.1,18.6,Breezy,0,1
Himachal Pradesh,2024-12-02,10.0,53.0,17.4,Breezy,0,0
Jharkhand,2024-12-02,23.4,63.0,14.4,Breezy,0,1
Karnataka,2024-12-02,21.5,67.2,6.1,Calm,0,1
Kerala,2024-12-02,20.3,45.5,10.2,Breezy,0,1
Madhya Pradesh,2024-12-02,14.7,55.1,11.0,Breezy,0,0
Maharashtra,2024-12-02,20.7,61.6,15.0,Breezy,0,1
Manipur,2024-12-02,22.1,55.5,19.9,Breezy,0,1
Meghalaya,2024-12-02,22.5,53.1,10.5,Breezy,0,1
Mizoram,2024-12-02,22.2,45.8,20.1,Breezy,0,0
Nagaland,2024-12-02,23.9,34.6,2.2,Calm,0,0
Odisha,2024-12-02,22.7,28.0,4.8,Calm,0,0
Punjab,2024-12-02,15.1,53.3,10.3,Breezy,0,0
Rajasthan,2024-12-02,27.2,30.8,8.3,Calm,0,0
Sikkim,2024-12-02,21.7,40.4,13.5,Breezy,0,1
Tamil Nadu,2024-12-02,25.4,70.2,7.2,Calm,0,0
Telangana,2024-12-02,23.8,51.4,5.3,Calm,0,1
Tripura,2024-12-02,26.7,52.9,3.7,Calm,0,0
Uttar Pradesh,2024-12-02,16.3,40.3,5.4,Calm,0,0
Uttarakhand,2024-12-02,12.5,52.6,0.0,Calm,0,0
West Bengal,2024-12-02,24.7,76.5,6.5,Calm,0,0
Andaman and Nicobar Islands,2024-12-02,18.4,57.0,9.4,Calm,0,1
Chandigarh,2024-12-02,22.4,57.3,13.5,Breezy,0,1
Dadra and Nagar Haveli and Daman and Diu,2024-12-02,22.7,92.6,12.0,Breezy,0,0
Delhi,2024-12-02,18.2,41.0,14.8,Breezy,0,1
Jammu and Kashmir,2024-12-02,9.2,48.7,15.4,Breezy,0,0
Ladakh,2024-12-02,12.3,86.0,3.0,Calm,0,0
Lakshadweep,2024-12-02,18.8,92.9,10.8,Breezy,0,0
Puducherry,2024-12-02,24.9,46.2,7.9,Calm,0,1
Andhra Pradesh,2024-12-09,22.1,50.5,9.9,Calm,0,1
Arunachal Pradesh,2024-12-09,24.3,73.0,7.6,Calm,0,0
Assam,2024-12-09,19.3,59.6,8.4,Calm,0,1
Bihar,2024-12-09,19.6,57.2,10.5,Breezy,0,1
Chhattisgarh,2024-12-09,20.2,61.8,8.7,Calm,0,1
Goa,2024-12-09,23.1,70.8,14.0,Breezy,0,0
Gujarat,2024-12-09,24.8,57.6,14.2,Breezy,0,1
Haryana,2024-12-09,17.4,64.3,11.3,Breezy,0,0
Himachal Pradesh,2024-12-09,8.8,61.7,4.0,Calm,0,0
Jharkhand,2024-12-09,22.6,69.5,13.8,Breezy,0,1
Karnataka,2024-12-09,20.0,43.6,12.8,Breezy,0,1
Kerala,2024-12-09,20.6,59.8,7.1,Calm,0,1
Madhya Pradesh,2024-12-09,18.1,42.4,4.6,Calm,0,0
Maharashtra,2024-12-09,24.4,36.3,9.5,Calm,0,0
Manipur,2024-12-09,23.3,72.2,9.8,Calm,0,0
Meghalaya,2024-12-09,24.9,40.7,10.5,Breezy,0,1
Mizoram,2024-12-09,21.9,30.7,11.2,Breezy,0,0
Nagaland,2024-12-09,20.9,35.5,6.6,Calm,0,0
Odisha,2024-12-09,24.7,65.9,11.7,Breezy,0,1
Punjab,2024-12-09,17.0,61.7,6.7,Calm,0,0
Rajasthan,2024-12-09,30.1,87.8,12.5,Breezy,0,0
Sikkim,2024-12-09,17.9,53.3,2.4,Calm,0,0
Tamil Nadu,2024-12-09,21.6,54.9,2.8,Calm,0,0
Telangana,2024-12-09,25.4,64.0,7.3,Calm,0,1
Tripura,2024-12-09,23.6,56.0,4.4,Calm,0,0
Uttar Pradesh,2024-12-09,21.5,47.6,18.1,Breezy,0,1
Uttarakhand,2024-12-09,13.3,75.3,5.6,Calm,0,0
West Bengal,2024-12-09,23.6,59.6,15.9,Breezy,0,1
Andaman and Nicobar Islands,2024-12-09,22.4,67.2,10.4,Breezy,0,1
Chandigarh,2024-12-09,23.3,69.8,3.6,Calm,0,0
Dadra and Nagar Haveli and Daman and Diu,2024-12-09,20.4,64.6,10.3,Breezy,0,1
Delhi,2024-12-09,18.7,76.5,15.0,Breezy,0,0
Jammu and Kashmir,2024-12-09,11.8,49.2,12.3,Breezy,0,0
Ladakh,2024-12-09,6.8,72.4,8.8,Calm,0,0
Lakshadweep,2024-12-09,23.4,49.4,5.0,Calm,0,1
Puducherry,2024-12-09,21.8,57.0,12.3,Breezy,0,1
Andhra Pradesh,2024-12-16,22.3,65.3,8.7,Calm,0,1
Arunachal Pradesh,2024-12-16,22.7,56.3,5.9,Calm,0,1
Assam,2024-12-16,21.3,48.9,12.4,Breezy,0,1
Bihar,2024-12-16,15.8,76.3,1.0,Calm,0,0
Chhattisgarh,2024-12-16,20.8,44.0,14.1,Breezy,0,1
Goa,2024-12-16,22.6,44.8,14.0,Breezy,0,1
Gujarat,2024-12-16,28.4,39.4,3.3,Calm,0,0
Haryana,2024-12-16,13.8,49.9,13.7,Breezy,0,0
Himachal Pradesh,2024-12-16,10.7,64.4,7.7,Calm,0,0
Jharkhand,2024-12-16,19.2,41.5,11.2,Breezy,0,1
Karnataka,2024-12-16,23.6,66.0,10.7,Breezy,0,1
Kerala,2024-12-16,21.1,67.7,9.4,Calm,0,1
Madhya Pradesh,2024-12-16,15.1,67.6,8.5,Calm,0,0
Maharashtra,2024-12-16,23.1,71.0,1.4,Calm,0,0
Manipur,2024-12-16,24.3,68.8,9.5,Calm,0,1
Meghalaya,2024-12-16,23.8,54.1,19.9,Breezy,0,1
Mizoram,2024-12-16,23.6,53.5,12.3,Breezy,0,1
Nagaland,2024-12-16,24.9,61.3,14.3,Breezy,0,1
Odisha,2024-12-16,23.0,78.0,9.9,Calm,0,0
Punjab,2024-12-16,15.7,73.4,9.8,Calm,0,0
Rajasthan,2024-12-16,25.0,52.1,5.9,Calm,0,1
Sikkim,2024-12-16,20.0,61.7,0.8,Calm,0,0
Tamil Nadu,2024-12-16,21.3,50.6,14.0,Breezy,0,1
Telangana,2024-12-16,23.0,36.5,17.0,Breezy,0,0
Tripura,2024-12-16,25.1,73.3,13.4,Breezy,0,0
Uttar Pradesh,2024-12-16,15.7,72.2,13.6,Breezy,0,0
Uttarakhand,2024-12-16,8.2,63.9,4.5,Calm,0,0
West Bengal,2024-12-16,21.3,81.0,12.0,Breezy,0,0
Andaman and Nicobar Islands,2024-12-16,22.7,83.0,8.1,Calm,0,0
Chandigarh,2024-12-16,22.9,57.1,17.3,Breezy,0,1
Dadra and Nagar Haveli and Daman and Diu,2024-12-16,23.8,56.6,5.7,Calm,0,1
Delhi,2024-12-16,15.6,37.8,10.4,Breezy,0,0
Jammu and Kashmir,2024-12-16,9.9,69.2,18.9,Breezy,0,0
Ladakh,2024-12-16,8.1,63.0,11.8,Breezy,0,0
Lakshadweep,2024-12-16,26.8,60.0,9.7,Calm,0,1
Puducherry,2024-12-16,22.5,62.3,10.7,Breezy,0,1
Andhra Pradesh,2024-12-23,23.5,68.7,12.4,Breezy,0,1
Arunachal Pradesh,2024-12-23,25.6,76.6,11.8,Breezy,0,0
Assam,2024-12-23,22.8,95.0,7.6,Calm,0,0
Bihar,2024-12-23,14.4,52.0,8.4,Calm,0,0
Chhattisgarh,2024-12-23,22.0,69.8,8.6,Calm,0,1
Goa,2024-12-23,22.9,53.8,17.8,Breezy,0,1
Gujarat,2024-12-23,24.6,84.3,12.2,Breezy,0,0
Haryana,2024-12-23,20.6,45.0,17.3,Breezy,0,1
Himachal Pradesh,2024-12-23,11.7,44.9,5.2,Calm,0,0
Jharkhand,2024-12-23,23.0,82.0,1.9,Calm,0,0
Karnataka,2024-12-23,21.4,38.6,10.7,Breezy,0,0
Kerala,2024-12-23,20.4,68.7,2.6,Calm,0,0
Madhya Pradesh,2024-12-23,20.1,72.8,12.4,Breezy,0,0
Maharashtra,2024-12-23,18.8,79.8,7.0,Calm,0,0
Manipur,2024-12-23,23.7,63.3,13.3,Breezy,0,1
Meghalaya,2024-12-23,21.1,51.0,1.5,Calm,0,0
Mizoram,2024-12-23,26.2,42.9,9.6,Calm,0,1
Nagaland,2024-12-23,17.1,56.2,12.2,Breezy,0,0
Odisha,2024-12-23,22.3,31.1,16.6,Breezy,0,0
Punjab,2024-12-23,17.8,62.9,10.2,Breezy,0,0
Rajasthan,2024-12-23,28.4,70.1,11.2,Breezy,0,0
Sikkim,2024-12-23,18.9,52.7,0.0,Calm,0,0
Tamil Nadu,2024-12-23,23.5,45.3,15.1,Breezy,0,1
Telangana,2024-12-23,20.9,67.2,15.0,Breezy,0,1
Tripura,2024-12-23,21.0,43.6,19.0,Breezy,0,1
Uttar Pradesh,2024-12-23,16.9,65.8,7.4,Calm,0,0
Uttarakhand,2024-12-23,10.4,66.6,3.1,Calm,0,0
West Bengal,2024-12-23,22.4,58.3,7.0,Calm,0,1
Andaman and Nicobar Islands,2024-12-23,26.5,41.7,13.5,Breezy,0,1
Chandigarh,2024-12-23,21.0,45.9,3.8,Calm,0,0
Dadra and Nagar Haveli and Daman and Diu,2024-12-23,26.0,77.1,10.7,Breezy,0,0
Delhi,2024-12-23,16.4,76.3,18.9,Breezy,0,0
Jammu and Kashmir,2024-12-23,12.5,32.4,12.9,Breezy,0,0
Ladakh,2024-12-23,9.9,78.6,9.9,Calm,0,0
Lakshadweep,2024-12-23,24.6,58.6,3.3,Calm,0,0
Puducherry,2024-12-23,22.7,71.8,0.0,Calm,0,0
Andhra Pradesh,2024-12-30,22.9,60.2,2.7,Calm,0,0
Arunachal Pradesh,2024-12-30,23.2,66.2,2.4,Calm,0,0
Assam,2024-12-30,23.3,50.0,6.8,Calm,0,1
Bihar,2024-12-30,17.5,74.0,5.3,Calm,0,0
Chhattisgarh,2024-12-30,22.8,45.4,10.3,Breezy,0,1
Goa,2024-12-30,19.8,60.5,13.2,Breezy,0,1
Gujarat,2024-12-30,28.1,58.5,16.1,Breezy,0,0
Haryana,2024-12-30,22.8,65.8,17.2,Breezy,0,1
Himachal Pradesh,2024-12-30,5.1,50.9,11.8,Breezy,0,0
Jharkhand,2024-12-30,19.8,61.5,15.1,Breezy,0,1
Karnataka,2024-12-30,23.2,52.4,11.2,Breezy,0,1
Kerala,2024-12-30,22.8,55.0,2.1,Calm,0,0
Madhya Pradesh,2024-12-30,13.7,50.1,18.4,Breezy,0,0
Maharashtra,2024-12-30,24.6,45.9,9.2,Calm,0,1
Manipur,2024-12-30,21.1,78.9,3.8,Calm,0,0
Meghalaya,2024-12-30,23.8,66.6,2.8,Calm,0,0
Mizoram,2024-12-30,23.1,67.1,17.6,Breezy,0,1
Nagaland,2024-12-30,22.9,61.0,9.3,Calm,0,1
Odisha,2024-12-30,22.7,63.1,18.2,Breezy,0,1
Punjab,2024-12-30,15.4,80.9,8.1,Calm,0,0
Rajasthan,2024-12-30,29.0,68.2,11.6,Breezy,0,0
Sikkim,2024-12-30,23.6,74.5,1.8,Calm,0,0
Tamil Nadu,2024-12-30,20.1,43.7,19.5,Breezy,0,1
Telangana,2024-12-30,23.6,59.6,20.8,Breezy,0,0
Tripura,2024-12-30,22.3,66.3,15.8,Breezy,0,1
Uttar Pradesh,2024-12-30,18.5,95.0,11.2,Breezy,0,0
Uttarakhand,2024-12-30,10.0,43.0,11.4,Breezy,0,0
West Bengal,2024-12-30,26.1,45.0,19.5,Breezy,0,1
Andaman and Nicobar Islands,2024-12-30,15.4,60.9,7.0,Calm,0,0
Chandigarh,2024-12-30,25.2,72.6,4.6,Calm,0,0
Dadra and Nagar Haveli and Daman and Diu,2024-12-30,21.9,72.9,17.3,Breezy,0,0
Delhi,2024-12-30,17.7,63.0,6.3,Calm,0,0
Jammu and Kashmir,2024-12-30,8.3,57.1,15.1,Breezy,0,0
Ladakh,2024-12-30,9.9,88.5,14.9,Breezy,0,0
Lakshadweep,2024-12-30,23.1,73.5,14.9,Breezy,0,0
Puducherry,2024-12-30,18.9,50.6,6.1,Calm,0,1
